Egg_Size,Date,Quantity_Sold
Pullets,08/02/2024,1
Pullets,09/02/2024,3
Pullets,10/02/2024,3
Pullets,11/02/2024,7
Pullets,12/02/2024,8
Pullets,13/02/2024,13
Pullets,14/02/2024,18
Pullets,15/02/2024,31
Small,15/02/2024,1
Medium,15/02/2024,1
Pullets,16/02/2024,34
Medium,16/02/2024,1
Pullets,17/02/2024,47
Medium,17/02/2024,2
Pullets,18/02/2024,66
Medium,18/02/2024,3
Pullets,19/02/2024,91
Small,19/02/2024,1
Medium,19/02/2024,1
Large,19/02/2024,2
Pullets,20/02/2024,94
Small,20/02/2024,3
Pullets,21/02/2024,114
Small,21/02/2024,1
Medium,21/02/2024,3
Large,21/02/2024,2
Pullets,22/02/2024,123
Small,22/02/2024,4
Medium,22/02/2024,1
Large,22/02/2024,2
Pullets,23/02/2024,157
Small,23/02/2024,3
Medium,23/02/2024,1
Large,23/02/2024,3
X-Large,23/02/2024,2
Pullets,24/02/2024,164
Small,24/02/2024,10
Medium,24/02/2024,10
Large,24/02/2024,3
X-Large,24/02/2024,1
Pullets,25/02/2024,151
Small,25/02/2024,14
Medium,25/02/2024,3
Large,25/02/2024,2
Pullets,26/02/2024,179
Small,26/02/2024,31
Medium,26/02/2024,1
X-Large,26/02/2024,1
Pullets,27/02/2024,195
Small,27/02/2024,28
Medium,27/02/2024,4
Large,27/02/2024,1
X-Large,27/02/2024,3
Pullets,28/02/2024,207
Small,28/02/2024,35
Medium,28/02/2024,3
Large,28/02/2024,1
X-Large,28/02/2024,3
Pullets,29/02/2024,207
Small,29/02/2024,41
Medium,29/02/2024,5
X-Large,29/02/2024,1
Pullets,01/03/2024,225
Small,01/03/2024,41
Medium,01/03/2024,2
Large,01/03/2024,4
X-Large,01/03/2024,1
Pullets,02/03/2024,236
Small,02/03/2024,50
Medium,02/03/2024,4
Large,02/03/2024,2
X-Large,02/03/2024,2
Pullets,03/03/2024,210
Small,03/03/2024,82
Medium,03/03/2024,3
Large,03/03/2024,1
X-Large,03/03/2024,2
Pullets,05/03/2024,235
Small,05/03/2024,67
Medium,05/03/2024,3
Large,05/03/2024,3
X-Large,05/03/2024,8
Pullets,06/03/2024,268
Small,06/03/2024,40
Large,06/03/2024,2
X-Large,06/03/2024,2
Jumbo,06/03/2024,1
Pullets,07/03/2024,269
Small,07/03/2024,47
Medium,07/03/2024,3
Large,07/03/2024,1
X-Large,07/03/2024,3
Jumbo,07/03/2024,1
Pullets,08/03/2024,279
Small,08/03/2024,36
Large,08/03/2024,3
X-Large,08/03/2024,2
Pullets,09/03/2024,279
Small,09/03/2024,55
Medium,09/03/2024,2
Large,09/03/2024,7
X-Large,09/03/2024,1
Pullets,10/03/2024,282
Small,10/03/2024,37
Medium,10/03/2024,2
Large,10/03/2024,3
X-Large,10/03/2024,1
Jumbo,10/03/2024,1
Pullets,11/03/2024,277
Small,11/03/2024,26
Medium,11/03/2024,2
Large,11/03/2024,1
X-Large,11/03/2024,2
Jumbo,11/03/2024,1
Pullets,12/03/2024,291
Small,12/03/2024,27
Medium,12/03/2024,2
Large,12/03/2024,2
X-Large,12/03/2024,3
Pullets,13/03/2024,250
Small,13/03/2024,66
Medium,13/03/2024,8
Large,13/03/2024,3
X-Large,13/03/2024,1
Pullets,14/03/2024,237
Small,14/03/2024,71
Medium,14/03/2024,4
Large,14/03/2024,3
X-Large,14/03/2024,3
Pullets,15/03/2024,251
Small,15/03/2024,61
Medium,15/03/2024,4
Large,15/03/2024,1
X-Large,15/03/2024,2
Pullets,16/03/2024,253
Small,16/03/2024,66
Medium,16/03/2024,7
Jumbo,16/03/2024,2
Pullets,17/03/2024,236
Small,17/03/2024,75
Medium,17/03/2024,4
Large,17/03/2024,2
X-Large,17/03/2024,3
Jumbo,17/03/2024,1
Pullets,18/03/2024,246
Small,18/03/2024,75
Medium,18/03/2024,11
Large,18/03/2024,1
Pullets,19/03/2024,231
Small,19/03/2024,106
Medium,19/03/2024,12
Large,19/03/2024,1
X-Large,19/03/2024,1
Jumbo,19/03/2024,7
Pullets,20/03/2024,231
Small,20/03/2024,107
Medium,20/03/2024,4
X-Large,20/03/2024,1
Jumbo,20/03/2024,1
Pullets,21/03/2024,224
Small,21/03/2024,93
Medium,21/03/2024,15
Large,21/03/2024,2
Pullets,22/03/2024,151
Small,22/03/2024,159
Medium,22/03/2024,48
Large,22/03/2024,2
X-Large,22/03/2024,2
Jumbo,22/03/2024,3
Pullets,23/03/2024,179
Small,23/03/2024,144
Medium,23/03/2024,31
X-Large,23/03/2024,2
Pullets,24/03/2024,201
Small,24/03/2024,145
Medium,24/03/2024,20
X-Large,24/03/2024,1
Jumbo,24/03/2024,1
Pullets,25/03/2024,167
Small,25/03/2024,164
Medium,25/03/2024,24
X-Large,25/03/2024,1
Pullets,26/03/2024,162
Small,26/03/2024,174
Medium,26/03/2024,34
Pullets,27/03/2024,134
Small,27/03/2024,199
Medium,27/03/2024,45
Large,27/03/2024,1
X-Large,27/03/2024,2
Jumbo,27/03/2024,2
Pullets,28/03/2024,72
Small,28/03/2024,178
Medium,28/03/2024,40
Large,28/03/2024,3
X-Large,28/03/2024,4
Jumbo,28/03/2024,1
Pullets,29/03/2024,90
Small,29/03/2024,172
Medium,29/03/2024,45
Large,29/03/2024,2
X-Large,29/03/2024,1
Jumbo,29/03/2024,4
Pullets,30/03/2024,69
Small,30/03/2024,199
Medium,30/03/2024,57
Large,30/03/2024,4
X-Large,30/03/2024,1
Jumbo,30/03/2024,2
Pullets,31/03/2024,55
Small,31/03/2024,221
Medium,31/03/2024,48
Large,31/03/2024,5
X-Large,31/03/2024,1
Jumbo,31/03/2024,3
Pullets,01/04/2024,40
Small,01/04/2024,188
Medium,01/04/2024,67
Large,01/04/2024,6
X-Large,01/04/2024,1
Jumbo,01/04/2024,1
Pullets,02/04/2024,46
Small,02/04/2024,206
Medium,02/04/2024,86
Large,02/04/2024,8
X-Large,02/04/2024,4
Jumbo,02/04/2024,3
Pullets,03/04/2024,47
Small,03/04/2024,206
Medium,03/04/2024,90
Large,03/04/2024,10
X-Large,03/04/2024,2
Jumbo,03/04/2024,4
Pullets,04/04/2024,34
Small,04/04/2024,203
Medium,04/04/2024,122
Large,04/04/2024,10
X-Large,04/04/2024,2
Jumbo,04/04/2024,2
Pullets,05/04/2024,63
Small,05/04/2024,194
Medium,05/04/2024,93
Large,05/04/2024,9
Jumbo,05/04/2024,4
Pullets,06/04/2024,40
Small,06/04/2024,217
Medium,06/04/2024,101
Large,06/04/2024,9
X-Large,06/04/2024,1
Jumbo,06/04/2024,2
Pullets,07/04/2024,30
Small,07/04/2024,230
Medium,07/04/2024,96
Large,07/04/2024,13
X-Large,07/04/2024,1
Jumbo,07/04/2024,8
Pullets,08/04/2024,32
Small,08/04/2024,214
Medium,08/04/2024,106
Large,08/04/2024,16
Jumbo,08/04/2024,3
Pullets,09/04/2024,41
Small,09/04/2024,224
Medium,09/04/2024,102
Large,09/04/2024,12
Jumbo,09/04/2024,6
Pullets,10/04/2024,37
Small,10/04/2024,221
Medium,10/04/2024,119
Large,10/04/2024,14
Jumbo,10/04/2024,2
Pullets,11/04/2024,16
Small,11/04/2024,175
Medium,11/04/2024,161
Large,11/04/2024,42
X-Large,11/04/2024,4
Jumbo,11/04/2024,2
Pullets,12/04/2024,23
Small,12/04/2024,164
Medium,12/04/2024,160
Large,12/04/2024,40
X-Large,12/04/2024,4
Jumbo,12/04/2024,2
Pullets,13/04/2024,33
Small,13/04/2024,207
Medium,13/04/2024,124
Large,13/04/2024,15
X-Large,13/04/2024,1
Jumbo,13/04/2024,5
Pullets,14/04/2024,38
Small,14/04/2024,211
Medium,14/04/2024,100
Large,14/04/2024,20
X-Large,14/04/2024,1
Jumbo,14/04/2024,5
Pullets,15/04/2024,25
Small,15/04/2024,202
Medium,15/04/2024,143
Large,15/04/2024,23
Jumbo,15/04/2024,1
Pullets,16/04/2024,26
Small,16/04/2024,199
Medium,16/04/2024,126
Large,16/04/2024,21
X-Large,16/04/2024,1
Jumbo,16/04/2024,3
Pullets,17/04/2024,28
Small,17/04/2024,211
Medium,17/04/2024,220
Large,17/04/2024,27
X-Large,17/04/2024,2
Jumbo,17/04/2024,6
Pullets,18/04/2024,29
Small,18/04/2024,203
Medium,18/04/2024,135
Large,18/04/2024,18
X-Large,18/04/2024,2
Jumbo,18/04/2024,4
Pullets,19/04/2024,26
Small,19/04/2024,175
Medium,19/04/2024,140
Large,19/04/2024,23
X-Large,19/04/2024,14
Jumbo,19/04/2024,6
Pullets,20/04/2024,28
Small,20/04/2024,198
Medium,20/04/2024,147
Large,20/04/2024,18
X-Large,20/04/2024,2
Jumbo,20/04/2024,3
Pullets,21/04/2024,20
Small,21/04/2024,184
Medium,21/04/2024,175
Large,21/04/2024,24
X-Large,21/04/2024,4
Jumbo,21/04/2024,1
Pullets,22/04/2024,27
Small,22/04/2024,201
Medium,22/04/2024,143
Large,22/04/2024,27
X-Large,22/04/2024,1
Jumbo,22/04/2024,7
Pullets,23/04/2024,21
Small,23/04/2024,211
Medium,23/04/2024,143
Large,23/04/2024,27
X-Large,23/04/2024,1
Jumbo,23/04/2024,7
Pullets,24/04/2024,25
Small,24/04/2024,198
Medium,24/04/2024,146
Large,24/04/2024,28
X-Large,24/04/2024,1
Jumbo,24/04/2024,5
Pullets,25/04/2024,20
Small,25/04/2024,199
Medium,25/04/2024,135
Large,25/04/2024,33
X-Large,25/04/2024,4
Pullets,26/04/2024,21
Small,26/04/2024,189
Medium,26/04/2024,160
Large,26/04/2024,30
X-Large,26/04/2024,2
Pullets,27/04/2024,18
Small,27/04/2024,188
Medium,27/04/2024,32
Large,27/04/2024,38
X-Large,27/04/2024,4
Jumbo,27/04/2024,6
Pullets,28/04/2024,15
Small,28/04/2024,206
Medium,28/04/2024,161
Large,28/04/2024,30
X-Large,28/04/2024,5
Jumbo,28/04/2024,3
Pullets,29/04/2024,16
Small,29/04/2024,208
Medium,29/04/2024,146
Large,29/04/2024,33
X-Large,29/04/2024,1
Jumbo,29/04/2024,3
Pullets,30/04/2024,22
Small,30/04/2024,193
Medium,30/04/2024,161
Large,30/04/2024,33
X-Large,30/04/2024,1
Jumbo,30/04/2024,5
Pullets,01/05/2024,21
Small,01/05/2024,206
Medium,01/05/2024,142
Large,01/05/2024,30
X-Large,01/05/2024,3
Jumbo,01/05/2024,2
Pullets,02/05/2024,20
Small,02/05/2024,178
Medium,02/05/2024,175
Large,02/05/2024,36
X-Large,02/05/2024,3
Jumbo,02/05/2024,4
Pullets,03/05/2024,18
Small,03/05/2024,189
Medium,03/05/2024,158
Large,03/05/2024,36
Jumbo,03/05/2024,7
Pullets,04/05/2024,19
Small,04/05/2024,169
Medium,04/05/2024,170
Large,04/05/2024,35
X-Large,04/05/2024,5
Jumbo,04/05/2024,5
Pullets,05/05/2024,18
Small,05/05/2024,174
Medium,05/05/2024,182
Large,05/05/2024,35
X-Large,05/05/2024,1
Jumbo,05/05/2024,3
Pullets,06/05/2024,19
Small,06/05/2024,182
Medium,06/05/2024,174
Large,06/05/2024,25
X-Large,06/05/2024,2
Jumbo,06/05/2024,4
Pullets,07/05/2024,15
Small,07/05/2024,198
Medium,07/05/2024,156
Large,07/05/2024,35
X-Large,07/05/2024,3
Jumbo,07/05/2024,3
Pullets,08/05/2024,7
Small,08/05/2024,168
Medium,08/05/2024,188
Large,08/05/2024,49
X-Large,08/05/2024,6
Jumbo,08/05/2024,7
Pullets,09/05/2024,19
Small,09/05/2024,183
Medium,09/05/2024,159
Large,09/05/2024,50
X-Large,09/05/2024,3
Jumbo,09/05/2024,2
Pullets,10/05/2024,11
Small,10/05/2024,170
Medium,10/05/2024,170
Large,10/05/2024,48
X-Large,10/05/2024,4
Jumbo,10/05/2024,4
Pullets,11/05/2024,14
Small,11/05/2024,173
Medium,11/05/2024,186
Large,11/05/2024,44
X-Large,11/05/2024,6
Jumbo,11/05/2024,2
Pullets,12/05/2024,7
Small,12/05/2024,168
Medium,12/05/2024,189
Large,12/05/2024,42
X-Large,12/05/2024,1
Jumbo,12/05/2024,2
Pullets,13/05/2024,13
Small,13/05/2024,184
Medium,13/05/2024,163
Large,13/05/2024,47
X-Large,13/05/2024,6
Jumbo,13/05/2024,5
Pullets,14/05/2024,14
Small,14/05/2024,164
Medium,14/05/2024,181
Large,14/05/2024,62
X-Large,14/05/2024,3
Jumbo,14/05/2024,2
Pullets,15/05/2024,10
Small,15/05/2024,159
Medium,15/05/2024,187
Large,15/05/2024,44
X-Large,15/05/2024,9
Jumbo,15/05/2024,1
Pullets,16/05/2024,12
Small,16/05/2024,178
Medium,16/05/2024,173
Large,16/05/2024,54
X-Large,16/05/2024,1
Jumbo,16/05/2024,1
Pullets,17/05/2024,14
Small,17/05/2024,161
Medium,17/05/2024,170
Large,17/05/2024,56
X-Large,17/05/2024,3
Jumbo,17/05/2024,2
Pullets,18/05/2024,30
Small,18/05/2024,187
Medium,18/05/2024,156
Large,18/05/2024,51
X-Large,18/05/2024,1
Jumbo,18/05/2024,2
Pullets,19/05/2024,10
Small,19/05/2024,140
Medium,19/05/2024,179
Large,19/05/2024,73
X-Large,19/05/2024,10
Jumbo,19/05/2024,5
Pullets,20/05/2024,10
Small,20/05/2024,141
Medium,20/05/2024,184
Large,20/05/2024,85
X-Large,20/05/2024,9
Jumbo,20/05/2024,1
Pullets,21/05/2024,7
Small,21/05/2024,165
Medium,21/05/2024,164
Large,21/05/2024,80
X-Large,21/05/2024,12
Jumbo,21/05/2024,1
Pullets,22/05/2024,8
Small,22/05/2024,144
Medium,22/05/2024,172
Large,22/05/2024,86
X-Large,22/05/2024,11
Jumbo,22/05/2024,1
Pullets,23/05/2024,153
Small,23/05/2024,183
Medium,23/05/2024,69
Large,23/05/2024,6
X-Large,23/05/2024,2
Jumbo,23/05/2024,3
Pullets,24/05/2024,6
Small,24/05/2024,150
Medium,24/05/2024,185
Large,24/05/2024,82
X-Large,24/05/2024,11
Pullets,25/05/2024,6
Small,25/05/2024,138
Medium,25/05/2024,197
Large,25/05/2024,75
X-Large,25/05/2024,11
Jumbo,25/05/2024,2
Pullets,26/05/2024,1
Small,26/05/2024,126
Medium,26/05/2024,192
Large,26/05/2024,85
X-Large,26/05/2024,16
Jumbo,26/05/2024,5
Pullets,27/05/2024,15
Small,27/05/2024,159
Medium,27/05/2024,185
Large,27/05/2024,62
X-Large,27/05/2024,8
Jumbo,27/05/2024,3
Pullets,28/05/2024,25
Small,28/05/2024,150
Medium,28/05/2024,190
Large,28/05/2024,56
X-Large,28/05/2024,5
Jumbo,28/05/2024,2
Pullets,29/05/2024,21
Small,29/05/2024,145
Medium,29/05/2024,152
Large,29/05/2024,71
X-Large,29/05/2024,5
Jumbo,29/05/2024,3
Pullets,30/05/2024,18
Small,30/05/2024,141
Medium,30/05/2024,193
Large,30/05/2024,75
X-Large,30/05/2024,6
Pullets,31/05/2024,4
Small,31/05/2024,145
Medium,31/05/2024,187
Large,31/05/2024,77
X-Large,31/05/2024,9
Jumbo,31/05/2024,4
Pullets,01/06/2024,15
Small,01/06/2024,150
Medium,01/06/2024,185
Large,01/06/2024,92
X-Large,01/06/2024,6
Jumbo,01/06/2024,1
Pullets,02/06/2024,4
Small,02/06/2024,103
Medium,02/06/2024,234
Large,02/06/2024,76
X-Large,02/06/2024,9
Jumbo,02/06/2024,3
Pullets,03/06/2024,9
Small,03/06/2024,103
Medium,03/06/2024,234
Large,03/06/2024,76
X-Large,03/06/2024,9
Jumbo,03/06/2024,3
Pullets,04/06/2024,15
Small,04/06/2024,142
Medium,04/06/2024,182
Large,04/06/2024,78
X-Large,04/06/2024,7
Jumbo,04/06/2024,1
Pullets,05/06/2024,14
Small,05/06/2024,158
Medium,05/06/2024,191
Large,05/06/2024,60
X-Large,05/06/2024,12
Jumbo,05/06/2024,2
Pullets,06/06/2024,15
Small,06/06/2024,153
Medium,06/06/2024,190
Large,06/06/2024,69
X-Large,06/06/2024,10
Jumbo,06/06/2024,2
Pullets,07/06/2024,18
Small,07/06/2024,166
Medium,07/06/2024,187
Large,07/06/2024,63
X-Large,07/06/2024,7
Jumbo,07/06/2024,2
Pullets,08/06/2024,14
Small,08/06/2024,154
Medium,08/06/2024,185
Large,08/06/2024,63
X-Large,08/06/2024,10
Jumbo,08/06/2024,3
Pullets,09/06/2024,11
Small,09/06/2024,175
Medium,09/06/2024,154
Large,09/06/2024,79
X-Large,09/06/2024,12
Jumbo,09/06/2024,4
Pullets,10/06/2024,12
Small,10/06/2024,169
Medium,10/06/2024,160
Large,10/06/2024,72
X-Large,10/06/2024,10
Jumbo,10/06/2024,3
Pullets,11/06/2024,15
Small,11/06/2024,156
Medium,11/06/2024,196
Large,11/06/2024,58
X-Large,11/06/2024,6
Pullets,12/06/2024,21
Small,12/06/2024,162
Medium,12/06/2024,190
Large,12/06/2024,70
X-Large,12/06/2024,5
Jumbo,12/06/2024,2
Pullets,13/06/2024,13
Small,13/06/2024,133
Medium,13/06/2024,197
Large,13/06/2024,83
X-Large,13/06/2024,12
Pullets,14/06/2024,14
Small,14/06/2024,142
Medium,14/06/2024,195
Large,14/06/2024,82
X-Large,14/06/2024,11
Jumbo,14/06/2024,2
Pullets,15/06/2024,16
Small,15/06/2024,163
Medium,15/06/2024,182
Large,15/06/2024,74
X-Large,15/06/2024,4
Jumbo,15/06/2024,1
Pullets,16/06/2024,21
Small,16/06/2024,165
Medium,16/06/2024,174
Large,16/06/2024,57
X-Large,16/06/2024,7
Pullets,17/06/2024,16
Small,17/06/2024,136
Medium,17/06/2024,182
Large,17/06/2024,74
X-Large,17/06/2024,18
Jumbo,17/06/2024,4
Pullets,18/06/2024,17
Small,18/06/2024,156
Medium,18/06/2024,194
Large,18/06/2024,68
X-Large,18/06/2024,6
Pullets,19/06/2024,6
Small,19/06/2024,97
Medium,19/06/2024,200
Large,19/06/2024,95
X-Large,19/06/2024,21
Jumbo,19/06/2024,2
Pullets,20/06/2024,4
Small,20/06/2024,106
Medium,20/06/2024,208
Large,20/06/2024,96
X-Large,20/06/2024,19
Jumbo,20/06/2024,1
Pullets,21/06/2024,3
Small,21/06/2024,83
Medium,21/06/2024,193
Large,21/06/2024,121
X-Large,21/06/2024,22
Jumbo,21/06/2024,4
Pullets,22/06/2024,8
Small,22/06/2024,116
Medium,22/06/2024,195
Large,22/06/2024,94
X-Large,22/06/2024,17
Jumbo,22/06/2024,1
Pullets,23/06/2024,7
Small,23/06/2024,120
Medium,23/06/2024,211
Large,23/06/2024,94
X-Large,23/06/2024,14
Pullets,24/06/2024,13
Small,24/06/2024,122
Medium,24/06/2024,198
Large,24/06/2024,91
X-Large,24/06/2024,10
Jumbo,24/06/2024,3
Pullets,25/06/2024,6
Small,25/06/2024,112
Medium,25/06/2024,211
Large,25/06/2024,85
X-Large,25/06/2024,13
Jumbo,25/06/2024,2
Pullets,26/06/2024,3
Small,26/06/2024,125
Medium,26/06/2024,191
Large,26/06/2024,86
X-Large,26/06/2024,19
Jumbo,26/06/2024,2
Small,27/06/2024,138
Medium,27/06/2024,174
Large,27/06/2024,101
X-Large,27/06/2024,8
Jumbo,27/06/2024,3
Small,28/06/2024,138
Medium,28/06/2024,189
Large,28/06/2024,80
X-Large,28/06/2024,16
Jumbo,28/06/2024,2
Pullets,29/06/2024,6
Small,29/06/2024,121
Medium,29/06/2024,194
Large,29/06/2024,89
X-Large,29/06/2024,16
Jumbo,29/06/2024,1
Pullets,30/06/2024,6
Small,30/06/2024,120
Medium,30/06/2024,206
Large,30/06/2024,92
X-Large,30/06/2024,16
Jumbo,30/06/2024,2
Pullets,01/07/2024,4
Small,01/07/2024,84
Medium,01/07/2024,210
Large,01/07/2024,129
X-Large,01/07/2024,17
Jumbo,01/07/2024,6
Pullets,02/07/2024,3
Small,02/07/2024,84
Medium,02/07/2024,184
Large,02/07/2024,125
X-Large,02/07/2024,34
Jumbo,02/07/2024,3
Pullets,03/07/2024,5
Small,03/07/2024,98
Medium,03/07/2024,196
Large,03/07/2024,106
X-Large,03/07/2024,23
Jumbo,03/07/2024,3
Pullets,04/07/2024,8
Small,04/07/2024,108
Medium,04/07/2024,190
Large,04/07/2024,114
X-Large,04/07/2024,12
Jumbo,04/07/2024,2
Pullets,05/07/2024,6
Small,05/07/2024,136
Medium,05/07/2024,179
Large,05/07/2024,100
X-Large,05/07/2024,20
Jumbo,05/07/2024,2
Pullets,06/07/2024,11
Small,06/07/2024,109
Medium,06/07/2024,194
Large,06/07/2024,99
X-Large,06/07/2024,23
Jumbo,06/07/2024,3
Pullets,07/07/2024,11
Small,07/07/2024,109
Medium,07/07/2024,194
Large,07/07/2024,99
X-Large,07/07/2024,23
Jumbo,07/07/2024,3
Pullets,08/07/2024,13
Small,08/07/2024,161
Medium,08/07/2024,161
Large,08/07/2024,81
X-Large,08/07/2024,1
Jumbo,08/07/2024,1
Pullets,09/07/2024,2
Small,09/07/2024,92
Medium,09/07/2024,203
Large,09/07/2024,112
X-Large,09/07/2024,31
Jumbo,09/07/2024,5
Pullets,10/07/2024,2
Small,10/07/2024,98
Medium,10/07/2024,213
Large,10/07/2024,106
X-Large,10/07/2024,30
Jumbo,10/07/2024,3
Pullets,11/07/2024,6
Small,11/07/2024,90
Medium,11/07/2024,201
Large,11/07/2024,117
X-Large,11/07/2024,33
Jumbo,11/07/2024,5
Pullets,12/07/2024,5
Small,12/07/2024,81
Medium,12/07/2024,196
Large,12/07/2024,132
X-Large,12/07/2024,31
Jumbo,12/07/2024,2
Pullets,13/07/2024,1
Small,13/07/2024,83
Medium,13/07/2024,197
Large,13/07/2024,114
X-Large,13/07/2024,24
Jumbo,13/07/2024,1
Pullets,14/07/2024,3
Small,14/07/2024,91
Medium,14/07/2024,199
Large,14/07/2024,127
X-Large,14/07/2024,20
Jumbo,14/07/2024,4
Pullets,15/07/2024,3
Small,15/07/2024,67
Medium,15/07/2024,184
Large,15/07/2024,144
X-Large,15/07/2024,40
Jumbo,15/07/2024,7
Pullets,16/07/2024,3
Small,16/07/2024,66
Medium,16/07/2024,189
Large,16/07/2024,158
X-Large,16/07/2024,27
Jumbo,16/07/2024,3
Pullets,17/07/2024,6
Small,17/07/2024,79
Medium,17/07/2024,197
Large,17/07/2024,115
X-Large,17/07/2024,36
Jumbo,17/07/2024,13
Pullets,18/07/2024,1
Small,18/07/2024,59
Medium,18/07/2024,177
Large,18/07/2024,147
X-Large,18/07/2024,44
Jumbo,18/07/2024,12
Pullets,19/07/2024,5
Small,19/07/2024,122
Medium,19/07/2024,197
Large,19/07/2024,115
X-Large,19/07/2024,34
Jumbo,19/07/2024,5
Pullets,20/07/2024,5
Small,20/07/2024,60
Medium,20/07/2024,188
Large,20/07/2024,132
X-Large,20/07/2024,52
Jumbo,20/07/2024,3
Pullets,21/07/2024,2
Small,21/07/2024,50
Medium,21/07/2024,161
Large,21/07/2024,147
X-Large,21/07/2024,29
Jumbo,21/07/2024,17
Pullets,22/07/2024,1
Small,22/07/2024,41
Medium,22/07/2024,184
Large,22/07/2024,167
X-Large,22/07/2024,42
Jumbo,22/07/2024,6
Pullets,23/07/2024,2
Small,23/07/2024,86
Medium,23/07/2024,191
Large,23/07/2024,120
X-Large,23/07/2024,32
Jumbo,23/07/2024,3
Pullets,24/07/2024,6
Small,24/07/2024,72
Medium,24/07/2024,202
Large,24/07/2024,128
X-Large,24/07/2024,23
Jumbo,24/07/2024,9
Pullets,25/07/2024,2
Small,25/07/2024,65
Medium,25/07/2024,179
Large,25/07/2024,144
X-Large,25/07/2024,43
Jumbo,25/07/2024,6
Pullets,26/07/2024,1
Small,26/07/2024,53
Medium,26/07/2024,161
Large,26/07/2024,146
X-Large,26/07/2024,47
Jumbo,26/07/2024,9
Pullets,27/07/2024,1
Small,27/07/2024,70
Medium,27/07/2024,179
Large,27/07/2024,137
X-Large,27/07/2024,45
Jumbo,27/07/2024,7
Pullets,28/07/2024,1
Small,28/07/2024,70
Medium,28/07/2024,193
Large,28/07/2024,141
X-Large,28/07/2024,35
Jumbo,28/07/2024,5
Pullets,29/07/2024,2
Small,29/07/2024,102
Medium,29/07/2024,177
Large,29/07/2024,138
X-Large,29/07/2024,16
Jumbo,29/07/2024,4
Pullets,30/07/2024,5
Small,30/07/2024,119
Medium,30/07/2024,183
Large,30/07/2024,119
X-Large,30/07/2024,18
Jumbo,30/07/2024,1
Pullets,31/07/2024,16
Small,31/07/2024,164
Medium,31/07/2024,211
Large,31/07/2024,132
X-Large,31/07/2024,34
Jumbo,31/07/2024,3
Pullets,01/08/2024,6
Small,01/08/2024,77
Medium,01/08/2024,196
Large,01/08/2024,132
X-Large,01/08/2024,28
Jumbo,01/08/2024,4
Pullets,02/08/2024,10
Small,02/08/2024,84
Medium,02/08/2024,172
Large,02/08/2024,126
X-Large,02/08/2024,27
Jumbo,02/08/2024,4
Pullets,03/08/2024,5
Small,03/08/2024,85
Medium,03/08/2024,186
Large,03/08/2024,131
X-Large,03/08/2024,26
Pullets,04/08/2024,4
Small,04/08/2024,121
Medium,04/08/2024,190
Large,04/08/2024,109
X-Large,04/08/2024,14
Pullets,05/08/2024,6
Small,05/08/2024,122
Medium,05/08/2024,204
Large,05/08/2024,101
X-Large,05/08/2024,18
Jumbo,05/08/2024,2
Pullets,06/08/2024,1
Small,06/08/2024,94
Medium,06/08/2024,206
Large,06/08/2024,109
X-Large,06/08/2024,19
Jumbo,06/08/2024,3
Small,07/08/2024,79
Medium,07/08/2024,205
Large,07/08/2024,119
X-Large,07/08/2024,12
Jumbo,07/08/2024,3
Pullets,08/08/2024,10
Small,08/08/2024,110
Medium,08/08/2024,201
Large,08/08/2024,93
X-Large,08/08/2024,12
Jumbo,08/08/2024,3
Pullets,09/08/2024,6
Small,09/08/2024,108
Medium,09/08/2024,180
Large,09/08/2024,97
X-Large,09/08/2024,11
Jumbo,09/08/2024,3
Pullets,10/08/2024,5
Small,10/08/2024,109
Medium,10/08/2024,205
Large,10/08/2024,81
X-Large,10/08/2024,15
Jumbo,10/08/2024,2
Pullets,11/08/2024,2
Small,11/08/2024,84
Medium,11/08/2024,184
Large,11/08/2024,117
X-Large,11/08/2024,15
Jumbo,11/08/2024,4
Pullets,12/08/2024,6
Small,12/08/2024,97
Medium,12/08/2024,190
Large,12/08/2024,106
X-Large,12/08/2024,14
Jumbo,12/08/2024,5
Pullets,13/08/2024,4
Small,13/08/2024,101
Medium,13/08/2024,187
Large,13/08/2024,92
X-Large,13/08/2024,20
Jumbo,13/08/2024,2
Pullets,14/08/2024,8
Small,14/08/2024,122
Medium,14/08/2024,186
Large,14/08/2024,80
X-Large,14/08/2024,19
Pullets,15/08/2024,9
Small,15/08/2024,131
Medium,15/08/2024,159
Large,15/08/2024,131
X-Large,15/08/2024,14
Pullets,16/08/2024,4
Small,16/08/2024,119
Medium,16/08/2024,183
Large,16/08/2024,86
X-Large,16/08/2024,18
Pullets,17/08/2024,6
Small,17/08/2024,99
Medium,17/08/2024,184
Large,17/08/2024,93
X-Large,17/08/2024,23
Pullets,18/08/2024,7
Small,18/08/2024,91
Medium,18/08/2024,180
Large,18/08/2024,102
X-Large,18/08/2024,20
Pullets,19/08/2024,1
Small,19/08/2024,98
Medium,19/08/2024,164
Large,19/08/2024,111
X-Large,19/08/2024,21
Jumbo,19/08/2024,1
Pullets,20/08/2024,4
Small,20/08/2024,62
Medium,20/08/2024,154
Large,20/08/2024,165
X-Large,20/08/2024,29
Pullets,21/08/2024,1
Small,21/08/2024,59
Medium,21/08/2024,191
Large,21/08/2024,122
X-Large,21/08/2024,30
Jumbo,21/08/2024,1
Pullets,22/08/2024,5
Small,22/08/2024,87
Medium,22/08/2024,176
Large,22/08/2024,119
X-Large,22/08/2024,27
Jumbo,22/08/2024,2
Pullets,23/08/2024,4
Small,23/08/2024,69
Medium,23/08/2024,194
Large,23/08/2024,109
X-Large,23/08/2024,22
Pullets,24/08/2024,8
Small,24/08/2024,113
Medium,24/08/2024,191
Large,24/08/2024,77
X-Large,24/08/2024,9
Pullets,25/08/2024,1
Small,25/08/2024,78
Medium,25/08/2024,223
Large,25/08/2024,94
X-Large,25/08/2024,17
Jumbo,25/08/2024,3
Pullets,26/08/2024,6
Small,26/08/2024,85
Medium,26/08/2024,180
Large,26/08/2024,108
X-Large,26/08/2024,23
Jumbo,26/08/2024,2
Pullets,27/08/2024,8
Small,27/08/2024,96
Medium,27/08/2024,198
Large,27/08/2024,99
X-Large,27/08/2024,12
Jumbo,27/08/2024,1
Pullets,28/08/2024,7
Small,28/08/2024,90
Medium,28/08/2024,182
Large,28/08/2024,125
X-Large,28/08/2024,12
Jumbo,28/08/2024,5
Pullets,29/08/2024,37
Small,29/08/2024,84
Medium,29/08/2024,200
Large,29/08/2024,115
X-Large,29/08/2024,19
Jumbo,29/08/2024,3
Pullets,30/08/2024,8
Small,30/08/2024,80
Medium,30/08/2024,203
Large,30/08/2024,124
X-Large,30/08/2024,24
Jumbo,30/08/2024,4
Pullets,31/08/2024,10
Small,31/08/2024,74
Medium,31/08/2024,198
Large,31/08/2024,121
X-Large,31/08/2024,24
Jumbo,31/08/2024,2
Pullets,01/09/2024,7
Small,01/09/2024,67
Medium,01/09/2024,183
Large,01/09/2024,132
X-Large,01/09/2024,41
Jumbo,01/09/2024,4
Pullets,02/09/2024,2
Small,02/09/2024,51
Medium,02/09/2024,163
Large,02/09/2024,162
X-Large,02/09/2024,48
Jumbo,02/09/2024,9
Pullets,03/09/2024,7
Small,03/09/2024,64
Medium,03/09/2024,192
Large,03/09/2024,132
X-Large,03/09/2024,32
Jumbo,03/09/2024,7
Pullets,04/09/2024,5
Small,04/09/2024,72
Medium,04/09/2024,192
Large,04/09/2024,125
X-Large,04/09/2024,34
Jumbo,04/09/2024,5
Pullets,05/09/2024,6
Small,05/09/2024,54
Medium,05/09/2024,201
Large,05/09/2024,117
X-Large,05/09/2024,42
Jumbo,05/09/2024,3
Pullets,06/09/2024,8
Small,06/09/2024,87
Medium,06/09/2024,178
Large,06/09/2024,111
X-Large,06/09/2024,38
Jumbo,06/09/2024,5
Pullets,07/09/2024,5
Small,07/09/2024,93
Medium,07/09/2024,196
Large,07/09/2024,104
X-Large,07/09/2024,25
Jumbo,07/09/2024,4
Pullets,08/09/2024,7
Small,08/09/2024,74
Medium,08/09/2024,209
Large,08/09/2024,110
X-Large,08/09/2024,32
Jumbo,08/09/2024,4
Pullets,09/09/2024,4
Small,09/09/2024,80
Medium,09/09/2024,195
Large,09/09/2024,129
X-Large,09/09/2024,29
Jumbo,09/09/2024,5
Pullets,10/09/2024,4
Small,10/09/2024,77
Medium,10/09/2024,213
Large,10/09/2024,108
X-Large,10/09/2024,25
Jumbo,10/09/2024,9
Pullets,11/09/2024,3
Small,11/09/2024,51
Medium,11/09/2024,182
Large,11/09/2024,137
X-Large,11/09/2024,55
Jumbo,11/09/2024,11
Pullets,12/09/2024,1
Small,12/09/2024,58
Medium,12/09/2024,183
Large,12/09/2024,149
X-Large,12/09/2024,46
Jumbo,12/09/2024,8
Pullets,13/09/2024,3
Small,13/09/2024,53
Medium,13/09/2024,189
Large,13/09/2024,130
X-Large,13/09/2024,46
Jumbo,13/09/2024,14
Pullets,14/09/2024,3
Small,14/09/2024,62
Medium,14/09/2024,196
Large,14/09/2024,140
X-Large,14/09/2024,35
Jumbo,14/09/2024,4
Pullets,15/09/2024,4
Small,15/09/2024,59
Medium,15/09/2024,186
Large,15/09/2024,124
X-Large,15/09/2024,45
Jumbo,15/09/2024,8
Pullets,16/09/2024,7
Small,16/09/2024,86
Medium,16/09/2024,186
Large,16/09/2024,131
X-Large,16/09/2024,33
Jumbo,16/09/2024,6
Pullets,17/09/2024,7
Small,17/09/2024,76
Medium,17/09/2024,188
Large,17/09/2024,129
X-Large,17/09/2024,44
Pullets,18/09/2024,6
Small,18/09/2024,71
Medium,18/09/2024,191
Large,18/09/2024,130
X-Large,18/09/2024,44
Jumbo,18/09/2024,3
Pullets,19/09/2024,7
Small,19/09/2024,76
Medium,19/09/2024,182
Large,19/09/2024,130
X-Large,19/09/2024,43
Jumbo,19/09/2024,3
Pullets,20/09/2024,10
Small,20/09/2024,96
Medium,20/09/2024,182
Large,20/09/2024,118
X-Large,20/09/2024,29
Jumbo,20/09/2024,3
Pullets,21/09/2024,8
Small,21/09/2024,91
Medium,21/09/2024,170
Large,21/09/2024,121
X-Large,21/09/2024,40
Jumbo,21/09/2024,4
Pullets,22/09/2024,7
Small,22/09/2024,106
Medium,22/09/2024,189
Large,22/09/2024,108
X-Large,22/09/2024,30
Jumbo,22/09/2024,1
Pullets,23/09/2024,16
Small,23/09/2024,105
Medium,23/09/2024,174
Large,23/09/2024,103
X-Large,23/09/2024,29
Jumbo,23/09/2024,3
Pullets,24/09/2024,22
Small,24/09/2024,125
Medium,24/09/2024,160
Large,24/09/2024,102
X-Large,24/09/2024,20
Jumbo,24/09/2024,3
Pullets,25/09/2024,12
Small,25/09/2024,89
Medium,25/09/2024,185
Large,25/09/2024,120
X-Large,25/09/2024,22
Jumbo,25/09/2024,3
Pullets,26/09/2024,5
Small,26/09/2024,92
Medium,26/09/2024,185
Large,26/09/2024,125
X-Large,26/09/2024,34
Jumbo,26/09/2024,2
Pullets,27/09/2024,8
Small,27/09/2024,85
Medium,27/09/2024,174
Large,27/09/2024,134
X-Large,27/09/2024,28
Jumbo,27/09/2024,6
Pullets,28/09/2024,6
Small,28/09/2024,75
Medium,28/09/2024,190
Large,28/09/2024,130
X-Large,28/09/2024,34
Jumbo,28/09/2024,3
Pullets,29/09/2024,8
Small,29/09/2024,95
Medium,29/09/2024,182
Large,29/09/2024,115
X-Large,29/09/2024,35
Jumbo,29/09/2024,5
Pullets,30/09/2024,5
Small,30/09/2024,81
Medium,30/09/2024,196
Large,30/09/2024,105
X-Large,30/09/2024,38
Jumbo,30/09/2024,5
Pullets,01/10/2024,1
Small,01/10/2024,64
Medium,01/10/2024,169
Large,01/10/2024,146
X-Large,01/10/2024,42
Jumbo,01/10/2024,8
Pullets,02/10/2024,13
Small,02/10/2024,94
Medium,02/10/2024,188
Large,02/10/2024,108
X-Large,02/10/2024,23
Jumbo,02/10/2024,4
Pullets,03/10/2024,1
Small,03/10/2024,75
Medium,03/10/2024,187
Large,03/10/2024,129
X-Large,03/10/2024,32
Jumbo,03/10/2024,6
Pullets,04/10/2024,2
Small,04/10/2024,59
Medium,04/10/2024,175
Large,04/10/2024,158
X-Large,04/10/2024,37
Jumbo,04/10/2024,2
Pullets,05/10/2024,3
Small,05/10/2024,59
Medium,05/10/2024,181
Large,05/10/2024,154
X-Large,05/10/2024,34
Jumbo,05/10/2024,1
Small,06/10/2024,69
Medium,06/10/2024,190
Large,06/10/2024,131
X-Large,06/10/2024,35
Jumbo,06/10/2024,4
Pullets,07/10/2024,5
Small,07/10/2024,71
Medium,07/10/2024,196
Large,07/10/2024,134
X-Large,07/10/2024,24
Jumbo,07/10/2024,2
Pullets,08/10/2024,3
Small,08/10/2024,77
Medium,08/10/2024,196
Large,08/10/2024,122
X-Large,08/10/2024,22
Jumbo,08/10/2024,2
Pullets,09/10/2024,5
Small,09/10/2024,67
Medium,09/10/2024,192
Large,09/10/2024,121
X-Large,09/10/2024,29
Jumbo,09/10/2024,2
Pullets,10/10/2024,3
Small,10/10/2024,73
Medium,10/10/2024,197
Large,10/10/2024,113
X-Large,10/10/2024,28
Jumbo,10/10/2024,6
Pullets,11/10/2024,2
Small,11/10/2024,79
Medium,11/10/2024,150
Large,11/10/2024,147
X-Large,11/10/2024,37
Jumbo,11/10/2024,2
Small,12/10/2024,93
Medium,12/10/2024,194
Large,12/10/2024,109
X-Large,12/10/2024,17
Jumbo,12/10/2024,3
Pullets,13/10/2024,8
Small,13/10/2024,94
Medium,13/10/2024,183
Large,13/10/2024,111
X-Large,13/10/2024,27
Jumbo,13/10/2024,4
Pullets,14/10/2024,8
Small,14/10/2024,117
Medium,14/10/2024,191
Large,14/10/2024,95
X-Large,14/10/2024,17
Jumbo,14/10/2024,3
Pullets,15/10/2024,7
Small,15/10/2024,67
Medium,15/10/2024,182
Large,15/10/2024,135
X-Large,15/10/2024,30
Jumbo,15/10/2024,2
Pullets,16/10/2024,9
Small,16/10/2024,70
Medium,16/10/2024,180
Large,16/10/2024,124
X-Large,16/10/2024,30
Jumbo,16/10/2024,2
Pullets,17/10/2024,8
Small,17/10/2024,70
Medium,17/10/2024,211
Large,17/10/2024,103
X-Large,17/10/2024,27
Jumbo,17/10/2024,1
Pullets,18/10/2024,15
Small,18/10/2024,115
Medium,18/10/2024,197
Large,18/10/2024,74
X-Large,18/10/2024,22
Jumbo,18/10/2024,4
Pullets,19/10/2024,16
Small,19/10/2024,107
Medium,19/10/2024,183
Large,19/10/2024,92
X-Large,19/10/2024,20
Pullets,20/10/2024,5
Small,20/10/2024,109
Medium,20/10/2024,182
Large,20/10/2024,102
X-Large,20/10/2024,24
Jumbo,20/10/2024,7
Pullets,21/10/2024,6
Small,21/10/2024,104
Medium,21/10/2024,182
Large,21/10/2024,102
X-Large,21/10/2024,22
Jumbo,21/10/2024,2
Pullets,22/10/2024,8
Small,22/10/2024,111
Medium,22/10/2024,167
Large,22/10/2024,110
X-Large,22/10/2024,21
Jumbo,22/10/2024,8
Pullets,23/10/2024,14
Small,23/10/2024,79
Medium,23/10/2024,192
Large,23/10/2024,103
X-Large,23/10/2024,31
Jumbo,23/10/2024,7
Pullets,24/10/2024,6
Small,24/10/2024,63
Medium,24/10/2024,177
Large,24/10/2024,137
X-Large,24/10/2024,36
Jumbo,24/10/2024,10
Pullets,25/10/2024,4
Small,25/10/2024,78
Medium,25/10/2024,192
Large,25/10/2024,116
X-Large,25/10/2024,26
Jumbo,25/10/2024,9
Pullets,26/10/2024,6
Small,26/10/2024,91
Medium,26/10/2024,197
Large,26/10/2024,111
X-Large,26/10/2024,22
Jumbo,26/10/2024,5
Pullets,27/10/2024,7
Small,27/10/2024,85
Medium,27/10/2024,192
Large,27/10/2024,120
X-Large,27/10/2024,17
Jumbo,27/10/2024,2
Pullets,28/10/2024,7
Small,28/10/2024,79
Medium,28/10/2024,171
Large,28/10/2024,134
X-Large,28/10/2024,30
Jumbo,28/10/2024,2
Pullets,29/10/2024,7
Small,29/10/2024,91
Medium,29/10/2024,186
Large,29/10/2024,120
X-Large,29/10/2024,23
Jumbo,29/10/2024,3
Pullets,30/10/2024,6
Small,30/10/2024,99
Medium,30/10/2024,189
Large,30/10/2024,121
X-Large,30/10/2024,13
Jumbo,30/10/2024,1
Pullets,31/10/2024,5
Small,31/10/2024,43
Medium,31/10/2024,138
Large,31/10/2024,169
X-Large,31/10/2024,71
Jumbo,31/10/2024,8
Pullets,01/11/2024,5
Small,01/11/2024,56
Medium,01/11/2024,180
Large,01/11/2024,139
X-Large,01/11/2024,52
Jumbo,01/11/2024,4
Pullets,02/11/2024,4
Small,02/11/2024,50
Medium,02/11/2024,169
Large,02/11/2024,130
X-Large,02/11/2024,65
Jumbo,02/11/2024,4
Pullets,03/11/2024,5
Small,03/11/2024,50
Medium,03/11/2024,154
Large,03/11/2024,144
X-Large,03/11/2024,71
Jumbo,03/11/2024,5
Pullets,04/11/2024,5
Small,04/11/2024,60
Medium,04/11/2024,172
Large,04/11/2024,142
X-Large,04/11/2024,55
Jumbo,04/11/2024,4
Pullets,05/11/2024,4
Small,05/11/2024,31
Medium,05/11/2024,162
Large,05/11/2024,161
X-Large,05/11/2024,66
Jumbo,05/11/2024,6
Pullets,06/11/2024,2
Small,06/11/2024,54
Medium,06/11/2024,160
Large,06/11/2024,138
X-Large,06/11/2024,58
Jumbo,06/11/2024,8
Pullets,07/11/2024,4
Small,07/11/2024,40
Medium,07/11/2024,159
Large,07/11/2024,153
X-Large,07/11/2024,57
Jumbo,07/11/2024,6
Pullets,08/11/2024,2
Small,08/11/2024,45
Medium,08/11/2024,144
Large,08/11/2024,161
X-Large,08/11/2024,62
Jumbo,08/11/2024,3
Pullets,09/11/2024,3
Small,09/11/2024,40
Medium,09/11/2024,177
Large,09/11/2024,156
X-Large,09/11/2024,46
Jumbo,09/11/2024,5
Pullets,10/11/2024,1
Small,10/11/2024,51
Medium,10/11/2024,148
Large,10/11/2024,161
X-Large,10/11/2024,63
Jumbo,10/11/2024,5
Pullets,11/11/2024,5
Small,11/11/2024,75
Medium,11/11/2024,175
Large,11/11/2024,132
X-Large,11/11/2024,36
Jumbo,11/11/2024,7
Pullets,12/11/2024,2
Small,12/11/2024,39
Medium,12/11/2024,145
Large,12/11/2024,164
X-Large,12/11/2024,63
Jumbo,12/11/2024,6
Pullets,13/11/2024,2
Small,13/11/2024,43
Medium,13/11/2024,158
Large,13/11/2024,152
X-Large,13/11/2024,64
Jumbo,13/11/2024,5
Small,14/11/2024,90
Medium,14/11/2024,187
Large,14/11/2024,116
X-Large,14/11/2024,27
Jumbo,14/11/2024,3
Pullets,15/11/2024,2
Small,15/11/2024,65
Medium,15/11/2024,180
Large,15/11/2024,140
X-Large,15/11/2024,30
Jumbo,15/11/2024,5
Pullets,16/11/2024,2
Small,16/11/2024,60
Medium,16/11/2024,190
Large,16/11/2024,130
X-Large,16/11/2024,48
Jumbo,16/11/2024,2
Pullets,17/11/2024,2
Small,17/11/2024,51
Medium,17/11/2024,191
Large,17/11/2024,135
X-Large,17/11/2024,48
Jumbo,17/11/2024,2
Small,18/11/2024,91
Medium,18/11/2024,185
Large,18/11/2024,124
X-Large,18/11/2024,21
Jumbo,18/11/2024,3
Pullets,19/11/2024,5
Small,19/11/2024,85
Medium,19/11/2024,178
Large,19/11/2024,120
X-Large,19/11/2024,32
Jumbo,19/11/2024,5
Pullets,20/11/2024,2
Small,20/11/2024,58
Medium,20/11/2024,167
Large,20/11/2024,146
X-Large,20/11/2024,45
Jumbo,20/11/2024,2
Pullets,21/11/2024,4
Small,21/11/2024,79
Medium,21/11/2024,178
Large,21/11/2024,133
X-Large,21/11/2024,25
Jumbo,21/11/2024,3
Pullets,22/11/2024,2
Small,22/11/2024,60
Medium,22/11/2024,169
Large,22/11/2024,140
X-Large,22/11/2024,46
Jumbo,22/11/2024,8
Pullets,23/11/2024,1
Small,23/11/2024,75
Medium,23/11/2024,192
Large,23/11/2024,122
X-Large,23/11/2024,36
Jumbo,23/11/2024,5
Pullets,24/11/2024,4
Small,24/11/2024,77
Medium,24/11/2024,182
Large,24/11/2024,119
X-Large,24/11/2024,35
Jumbo,24/11/2024,4
Pullets,25/11/2024,2
Small,25/11/2024,76
Medium,25/11/2024,181
Large,25/11/2024,127
X-Large,25/11/2024,34
Jumbo,25/11/2024,5
Pullets,26/11/2024,3
Small,26/11/2024,75
Medium,26/11/2024,197
Large,26/11/2024,128
X-Large,26/11/2024,22
Jumbo,26/11/2024,3
Pullets,27/11/2024,4
Small,27/11/2024,72
Medium,27/11/2024,177
Large,27/11/2024,137
X-Large,27/11/2024,24
Jumbo,27/11/2024,5
Pullets,28/11/2024,6
Small,28/11/2024,72
Medium,28/11/2024,174
Large,28/11/2024,132
X-Large,28/11/2024,38
Jumbo,28/11/2024,4
Pullets,29/11/2024,4
Small,29/11/2024,73
Medium,29/11/2024,173
Large,29/11/2024,137
X-Large,29/11/2024,30
Jumbo,29/11/2024,3
Pullets,30/11/2024,4
Small,30/11/2024,62
Medium,30/11/2024,180
Large,30/11/2024,136
X-Large,30/11/2024,29
Jumbo,30/11/2024,4
Pullets,01/12/2024,2
Small,01/12/2024,65
Medium,01/12/2024,197
Large,01/12/2024,125
X-Large,01/12/2024,27
Jumbo,01/12/2024,1
Pullets,02/12/2024,5
Small,02/12/2024,81
Medium,02/12/2024,172
Large,02/12/2024,134
X-Large,02/12/2024,24
Jumbo,02/12/2024,5
Pullets,03/12/2024,3
Small,03/12/2024,68
Medium,03/12/2024,174
Large,03/12/2024,135
X-Large,03/12/2024,30
Jumbo,03/12/2024,2
Pullets,04/12/2024,3
Small,04/12/2024,57
Medium,04/12/2024,173
Large,04/12/2024,146
X-Large,04/12/2024,35
Jumbo,04/12/2024,2
Pullets,05/12/2024,3
Small,05/12/2024,86
Medium,05/12/2024,171
Large,05/12/2024,125
X-Large,05/12/2024,28
Jumbo,05/12/2024,2
Pullets,06/12/2024,4
Small,06/12/2024,64
Medium,06/12/2024,186
Large,06/12/2024,122
X-Large,06/12/2024,34
Jumbo,06/12/2024,2
Pullets,07/12/2024,1
Small,07/12/2024,38
Medium,07/12/2024,166
Large,07/12/2024,142
X-Large,07/12/2024,58
Jumbo,07/12/2024,8
Pullets,08/12/2024,3
Small,08/12/2024,71
Medium,08/12/2024,182
Large,08/12/2024,122
X-Large,08/12/2024,36
Jumbo,08/12/2024,4
Pullets,09/12/2024,2
Small,09/12/2024,49
Medium,09/12/2024,153
Large,09/12/2024,137
X-Large,09/12/2024,63
Jumbo,09/12/2024,5
Small,10/12/2024,36
Medium,10/12/2024,148
Large,10/12/2024,167
X-Large,10/12/2024,45
Jumbo,10/12/2024,10
Pullets,11/12/2024,3
Small,11/12/2024,60
Medium,11/12/2024,184
Large,11/12/2024,112
X-Large,11/12/2024,43
Jumbo,11/12/2024,5
Pullets,12/12/2024,3
Small,12/12/2024,70
Medium,12/12/2024,157
Large,12/12/2024,123
X-Large,12/12/2024,60
Jumbo,12/12/2024,5
Pullets,13/12/2024,3
Small,13/12/2024,60
Medium,13/12/2024,148
Large,13/12/2024,142
X-Large,13/12/2024,55
Jumbo,13/12/2024,2
Pullets,14/12/2024,3
Small,14/12/2024,76
Medium,14/12/2024,157
Large,14/12/2024,132
X-Large,14/12/2024,42
Jumbo,14/12/2024,3
Pullets,15/12/2024,9
Small,15/12/2024,75
Medium,15/12/2024,166
Large,15/12/2024,131
X-Large,15/12/2024,37
Jumbo,15/12/2024,6
Pullets,16/12/2024,5
Small,16/12/2024,82
Medium,16/12/2024,166
Large,16/12/2024,125
X-Large,16/12/2024,36
Jumbo,16/12/2024,1
Pullets,17/12/2024,5
Small,17/12/2024,102
Medium,17/12/2024,163
Large,17/12/2024,106
X-Large,17/12/2024,36
Jumbo,17/12/2024,4
Pullets,18/12/2024,4
Small,18/12/2024,99
Medium,18/12/2024,175
Large,18/12/2024,113
X-Large,18/12/2024,29
Jumbo,18/12/2024,2
Pullets,19/12/2024,1
Small,19/12/2024,85
Medium,19/12/2024,171
Large,19/12/2024,123
X-Large,19/12/2024,31
Jumbo,19/12/2024,6
Pullets,20/12/2024,6
Small,20/12/2024,65
Medium,20/12/2024,172
Large,20/12/2024,125
X-Large,20/12/2024,46
Jumbo,20/12/2024,2
Small,21/12/2024,61
Medium,21/12/2024,170
Large,21/12/2024,128
X-Large,21/12/2024,42
Pullets,22/12/2024,5
Small,22/12/2024,66
Medium,22/12/2024,164
Large,22/12/2024,136
X-Large,22/12/2024,36
Jumbo,22/12/2024,6
Pullets,23/12/2024,7
Small,23/12/2024,64
Medium,23/12/2024,164
Large,23/12/2024,137
X-Large,23/12/2024,35
Jumbo,23/12/2024,4
Pullets,24/12/2024,6
Small,24/12/2024,62
Medium,24/12/2024,182
Large,24/12/2024,142
X-Large,24/12/2024,27
Jumbo,24/12/2024,4
Pullets,25/12/2024,5
Small,25/12/2024,62
Medium,25/12/2024,178
Large,25/12/2024,131
X-Large,25/12/2024,36
Jumbo,25/12/2024,4
Pullets,26/12/2024,2
Small,26/12/2024,43
Medium,26/12/2024,160
Large,26/12/2024,156
X-Large,26/12/2024,51
Jumbo,26/12/2024,4
Pullets,27/12/2024,1
Small,27/12/2024,52
Medium,27/12/2024,170
Large,27/12/2024,157
X-Large,27/12/2024,36
Jumbo,27/12/2024,3
Pullets,28/12/2024,2
Small,28/12/2024,54
Medium,28/12/2024,170
Large,28/12/2024,146
X-Large,28/12/2024,31
Jumbo,28/12/2024,5
Pullets,29/12/2024,3
Small,29/12/2024,52
Medium,29/12/2024,174
Large,29/12/2024,145
X-Large,29/12/2024,41
Jumbo,29/12/2024,3
Pullets,30/12/2024,1
Small,30/12/2024,41
Medium,30/12/2024,177
Large,30/12/2024,148
X-Large,30/12/2024,37
Jumbo,30/12/2024,4
Pullets,31/12/2024,2
Small,31/12/2024,49
Medium,31/12/2024,178
Large,31/12/2024,155
X-Large,31/12/2024,35
Jumbo,31/12/2024,5
Pullets,01/01/2025,5
Small,01/01/2025,65
Medium,01/01/2025,181
Large,01/01/2025,131
X-Large,01/01/2025,25
Jumbo,01/01/2025,5
Pullets,02/01/2025,4
Small,02/01/2025,50
Medium,02/01/2025,179
Large,02/01/2025,146
X-Large,02/01/2025,30
Jumbo,02/01/2025,2
Pullets,03/01/2025,4
Small,03/01/2025,83
Medium,03/01/2025,167
Large,03/01/2025,125
X-Large,03/01/2025,26
Jumbo,03/01/2025,1
Pullets,04/01/2025,7
Small,04/01/2025,56
Medium,04/01/2025,163
Large,04/01/2025,141
X-Large,04/01/2025,40
Jumbo,04/01/2025,5
Pullets,05/01/2025,1
Small,05/01/2025,50
Medium,05/01/2025,168
Large,05/01/2025,138
X-Large,05/01/2025,43
Jumbo,05/01/2025,3
Pullets,06/01/2025,2
Small,06/01/2025,52
Medium,06/01/2025,172
Large,06/01/2025,127
X-Large,06/01/2025,42
Jumbo,06/01/2025,6
Pullets,07/01/2025,3
Small,07/01/2025,48
Medium,07/01/2025,169
Large,07/01/2025,133
X-Large,07/01/2025,38
Jumbo,07/01/2025,4
Pullets,08/01/2025,3
Small,08/01/2025,58
Medium,08/01/2025,165
Large,08/01/2025,135
X-Large,08/01/2025,46
Jumbo,08/01/2025,3
Pullets,09/01/2025,2
Small,09/01/2025,54
Medium,09/01/2025,158
Large,09/01/2025,146
X-Large,09/01/2025,47
Jumbo,09/01/2025,5
Small,10/01/2025,57
Medium,10/01/2025,168
Large,10/01/2025,147
X-Large,10/01/2025,30
Jumbo,10/01/2025,3
Pullets,11/01/2025,1
Small,11/01/2025,62
Medium,11/01/2025,174
Large,11/01/2025,126
X-Large,11/01/2025,39
Jumbo,11/01/2025,3
Pullets,12/01/2025,2
Small,12/01/2025,46
Medium,12/01/2025,166
Large,12/01/2025,151
X-Large,12/01/2025,44
Jumbo,12/01/2025,1
Pullets,13/01/2025,3
Small,13/01/2025,55
Medium,13/01/2025,165
Large,13/01/2025,143
X-Large,13/01/2025,38
Jumbo,13/01/2025,4
Pullets,14/01/2025,3
Small,14/01/2025,41
Medium,14/01/2025,173
Large,14/01/2025,135
X-Large,14/01/2025,47
Jumbo,14/01/2025,4
Pullets,15/01/2025,1
Small,15/01/2025,49
Medium,15/01/2025,179
Large,15/01/2025,127
X-Large,15/01/2025,45
Jumbo,15/01/2025,4
Pullets,16/01/2025,8
Small,16/01/2025,96
Medium,16/01/2025,187
Large,16/01/2025,93
X-Large,16/01/2025,28
Jumbo,16/01/2025,2
Pullets,17/01/2025,4
Small,17/01/2025,88
Medium,17/01/2025,189
Large,17/01/2025,101
X-Large,17/01/2025,29
Pullets,18/01/2025,7
Small,18/01/2025,65
Medium,18/01/2025,187
Large,18/01/2025,104
X-Large,18/01/2025,35
Jumbo,18/01/2025,1
Pullets,19/01/2025,6
Small,19/01/2025,80
Medium,19/01/2025,181
Large,19/01/2025,113
X-Large,19/01/2025,27
Jumbo,19/01/2025,2
Pullets,20/01/2025,8
Small,20/01/2025,91
Medium,20/01/2025,163
Large,20/01/2025,112
X-Large,20/01/2025,27
Jumbo,20/01/2025,2
Pullets,21/01/2025,5
Small,21/01/2025,82
Medium,21/01/2025,177
Large,21/01/2025,107
X-Large,21/01/2025,21
Jumbo,21/01/2025,2
Pullets,22/01/2025,7
Small,22/01/2025,74
Medium,22/01/2025,182
Large,22/01/2025,110
X-Large,22/01/2025,22
Jumbo,22/01/2025,1
Pullets,23/01/2025,5
Small,23/01/2025,56
Medium,23/01/2025,161
Large,23/01/2025,137
X-Large,23/01/2025,36
Jumbo,23/01/2025,1
Pullets,24/01/2025,3
Small,24/01/2025,60
Medium,24/01/2025,155
Large,24/01/2025,125
X-Large,24/01/2025,30
Jumbo,24/01/2025,2
Pullets,25/01/2025,8
Small,25/01/2025,61
Medium,25/01/2025,174
Large,25/01/2025,121
X-Large,25/01/2025,32
Jumbo,25/01/2025,5
Pullets,26/01/2025,5
Small,26/01/2025,61
Medium,26/01/2025,163
Large,26/01/2025,117
X-Large,26/01/2025,46
Jumbo,26/01/2025,3
Small,27/01/2025,45
Medium,27/01/2025,167
Large,27/01/2025,130
X-Large,27/01/2025,50
Jumbo,27/01/2025,6
Pullets,28/01/2025,5
Small,28/01/2025,39
Medium,28/01/2025,159
Large,28/01/2025,150
X-Large,28/01/2025,44
Jumbo,28/01/2025,6
Pullets,29/01/2025,1
Small,29/01/2025,51
Medium,29/01/2025,165
Large,29/01/2025,130
X-Large,29/01/2025,43
Jumbo,29/01/2025,8
Pullets,30/01/2025,5
Small,30/01/2025,47
Medium,30/01/2025,174
Large,30/01/2025,127
X-Large,30/01/2025,42
Jumbo,30/01/2025,7
Pullets,31/01/2025,7
Small,31/01/2025,40
Medium,31/01/2025,173
Large,31/01/2025,122
X-Large,31/01/2025,48
Jumbo,31/01/2025,5
Pullets,01/02/2025,4
Small,01/02/2025,34
Medium,01/02/2025,167
Large,01/02/2025,136
X-Large,01/02/2025,48
Jumbo,01/02/2025,6
Pullets,02/02/2025,1
Small,02/02/2025,42
Medium,02/02/2025,169
Large,02/02/2025,125
X-Large,02/02/2025,47
Jumbo,02/02/2025,9
Pullets,03/02/2025,3
Small,03/02/2025,37
Medium,03/02/2025,150
Large,03/02/2025,138
X-Large,03/02/2025,50
Jumbo,03/02/2025,7
Pullets,04/02/2025,2
Small,04/02/2025,44
Medium,04/02/2025,129
Large,04/02/2025,151
X-Large,04/02/2025,56
Jumbo,04/02/2025,9
Pullets,05/02/2025,1
Small,05/02/2025,40
Medium,05/02/2025,107
Large,05/02/2025,156
X-Large,05/02/2025,62
Jumbo,05/02/2025,11
Small,06/02/2025,34
Medium,06/02/2025,140
Large,06/02/2025,142
X-Large,06/02/2025,65
Jumbo,06/02/2025,10
Pullets,07/02/2025,1
Small,07/02/2025,25
Medium,07/02/2025,123
Large,07/02/2025,147
X-Large,07/02/2025,69
Jumbo,07/02/2025,9
Pullets,08/02/2025,1
Small,08/02/2025,27
Medium,08/02/2025,108
Large,08/02/2025,172
X-Large,08/02/2025,60
Jumbo,08/02/2025,15
Pullets,09/02/2025,1
Small,09/02/2025,24
Medium,09/02/2025,121
Large,09/02/2025,160
X-Large,09/02/2025,51
Jumbo,09/02/2025,20
Small,10/02/2025,15
Medium,10/02/2025,111
Large,10/02/2025,170
X-Large,10/02/2025,76
Jumbo,10/02/2025,14
Pullets,11/02/2025,1
Small,11/02/2025,35
Medium,11/02/2025,131
Large,11/02/2025,133
X-Large,11/02/2025,76
Jumbo,11/02/2025,12
Small,12/02/2025,19
Medium,12/02/2025,115
Large,12/02/2025,149
X-Large,12/02/2025,80
Jumbo,12/02/2025,13
Pullets,13/02/2025,2
Small,13/02/2025,21
Medium,13/02/2025,98
Large,13/02/2025,154
X-Large,13/02/2025,79
Jumbo,13/02/2025,17
Small,14/02/2025,21
Medium,14/02/2025,111
Large,14/02/2025,150
X-Large,14/02/2025,70
Jumbo,14/02/2025,20
Small,15/02/2025,30
Medium,15/02/2025,113
Large,15/02/2025,143
X-Large,15/02/2025,76
Jumbo,15/02/2025,9
Small,16/02/2025,31
Medium,16/02/2025,114
Large,16/02/2025,148
X-Large,16/02/2025,70
Jumbo,16/02/2025,8
Small,17/02/2025,33
Medium,17/02/2025,128
Large,17/02/2025,139
X-Large,17/02/2025,62
Jumbo,17/02/2025,11
Small,18/02/2025,28
Medium,18/02/2025,101
Large,18/02/2025,149
X-Large,18/02/2025,65
Jumbo,18/02/2025,13
Pullets,19/02/2025,1
Small,19/02/2025,28
Medium,19/02/2025,118
Large,19/02/2025,133
X-Large,19/02/2025,75
Jumbo,19/02/2025,14
Pullets,20/02/2025,2
Small,20/02/2025,36
Medium,20/02/2025,96
Large,20/02/2025,149
X-Large,20/02/2025,62
Jumbo,20/02/2025,16
Pullets,21/02/2025,2
Small,21/02/2025,35
Medium,21/02/2025,120
Large,21/02/2025,121
X-Large,21/02/2025,57
Jumbo,21/02/2025,14
Small,22/02/2025,23
Medium,22/02/2025,100
Large,22/02/2025,128
X-Large,22/02/2025,69
Jumbo,22/02/2025,13
Pullets,23/02/2025,1
Small,23/02/2025,30
Medium,23/02/2025,99
Large,23/02/2025,120
X-Large,23/02/2025,65
Jumbo,23/02/2025,12
Pullets,24/02/2025,2
Small,24/02/2025,23
Medium,24/02/2025,107
Large,24/02/2025,133
X-Large,24/02/2025,61
Jumbo,24/02/2025,10
Pullets,25/02/2025,1
Small,25/02/2025,30
Medium,25/02/2025,92
Large,25/02/2025,129
X-Large,25/02/2025,75
Jumbo,25/02/2025,13
Pullets,26/02/2025,1
Small,26/02/2025,16
Medium,26/02/2025,85
Large,26/02/2025,146
X-Large,26/02/2025,79
Jumbo,26/02/2025,15
Pullets,27/02/2025,4
Small,27/02/2025,34
Medium,27/02/2025,111
Large,27/02/2025,139
X-Large,27/02/2025,48
Jumbo,27/02/2025,7
Pullets,28/02/2025,1
Small,28/02/2025,32
Medium,28/02/2025,113
Large,28/02/2025,135
X-Large,28/02/2025,38
Jumbo,28/02/2025,7
Pullets,01/03/2025,1
Small,01/03/2025,19
Medium,01/03/2025,93
Large,01/03/2025,108
X-Large,01/03/2025,44
Jumbo,01/03/2025,7
Pullets,02/03/2025,1
Small,02/03/2025,27
Medium,02/03/2025,114
Large,02/03/2025,129
X-Large,02/03/2025,78
Jumbo,02/03/2025,15
Small,03/03/2025,27
Medium,03/03/2025,80
Large,03/03/2025,132
X-Large,03/03/2025,56
Jumbo,03/03/2025,12
Pullets,04/03/2025,2
Small,04/03/2025,30
Medium,04/03/2025,81
Large,04/03/2025,119
X-Large,04/03/2025,63
Jumbo,04/03/2025,10
Pullets,05/03/2025,1
Small,05/03/2025,27
Medium,05/03/2025,84
Large,05/03/2025,129
X-Large,05/03/2025,49
Jumbo,05/03/2025,16
Pullets,06/03/2025,2
Small,06/03/2025,24
Medium,06/03/2025,74
Large,06/03/2025,112
X-Large,06/03/2025,59
Jumbo,06/03/2025,11
Pullets,07/03/2025,3
Small,07/03/2025,23
Medium,07/03/2025,81
Large,07/03/2025,116
X-Large,07/03/2025,55
Jumbo,07/03/2025,20
Pullets,08/03/2025,3
Small,08/03/2025,20
Medium,08/03/2025,102
Large,08/03/2025,132
X-Large,08/03/2025,62
Jumbo,08/03/2025,9
Pullets,09/03/2025,4
Small,09/03/2025,8
Medium,09/03/2025,99
Large,09/03/2025,115
X-Large,09/03/2025,63
Jumbo,09/03/2025,10
Pullets,10/03/2025,2
Small,10/03/2025,13
Medium,10/03/2025,78
Large,10/03/2025,120
X-Large,10/03/2025,77
Jumbo,10/03/2025,13
Pullets,11/03/2025,2
Small,11/03/2025,9
Medium,11/03/2025,82
Large,11/03/2025,115
X-Large,11/03/2025,76
Jumbo,11/03/2025,12
Small,12/03/2025,27
Medium,12/03/2025,97
Large,12/03/2025,128
X-Large,12/03/2025,53
Jumbo,12/03/2025,16
Pullets,13/03/2025,1
Small,13/03/2025,18
Medium,13/03/2025,99
Large,13/03/2025,130
Pullets,14/03/2025,2
Small,14/03/2025,26
Medium,14/03/2025,94
Large,14/03/2025,137
X-Large,14/03/2025,63
Jumbo,14/03/2025,13
Pullets,15/03/2025,2
Small,15/03/2025,25
Medium,15/03/2025,114
Large,15/03/2025,127
X-Large,15/03/2025,59
Jumbo,15/03/2025,13
Pullets,16/03/2025,1
Small,16/03/2025,28
Medium,16/03/2025,90
Large,16/03/2025,145
X-Large,16/03/2025,60
Jumbo,16/03/2025,14
Small,17/03/2025,31
Medium,17/03/2025,87
Large,17/03/2025,140
X-Large,17/03/2025,41
Jumbo,17/03/2025,13
Pullets,18/03/2025,3
Small,18/03/2025,23
Medium,18/03/2025,98
Large,18/03/2025,140
X-Large,18/03/2025,45
Jumbo,18/03/2025,19
Pullets,19/03/2025,2
Small,19/03/2025,24
Medium,19/03/2025,88
Large,19/03/2025,150
X-Large,19/03/2025,56
Jumbo,19/03/2025,20
Pullets,20/03/2025,1
Small,20/03/2025,24
Medium,20/03/2025,93
Large,20/03/2025,134
X-Large,20/03/2025,58
Jumbo,20/03/2025,20
Small,21/03/2025,27
Medium,21/03/2025,113
Large,21/03/2025,124
X-Large,21/03/2025,54
Jumbo,21/03/2025,18
Pullets,22/03/2025,1
Small,22/03/2025,29
Medium,22/03/2025,108
Large,22/03/2025,128
X-Large,22/03/2025,54
Jumbo,22/03/2025,10
Pullets,23/03/2025,1
Small,23/03/2025,36
Medium,23/03/2025,114
Large,23/03/2025,118
X-Large,23/03/2025,54
Jumbo,23/03/2025,18
Pullets,24/03/2025,3
Small,24/03/2025,37
Medium,24/03/2025,114
Large,24/03/2025,114
X-Large,24/03/2025,61
Jumbo,24/03/2025,11
Small,25/03/2025,32
Medium,25/03/2025,99
Large,25/03/2025,127
X-Large,25/03/2025,52
Jumbo,25/03/2025,20
Pullets,26/03/2025,4
Small,26/03/2025,33
Medium,26/03/2025,123
Large,26/03/2025,118
X-Large,26/03/2025,58
Jumbo,26/03/2025,14
Pullets,27/03/2025,5
Small,27/03/2025,25
Medium,27/03/2025,126
Large,27/03/2025,131
X-Large,27/03/2025,53
Jumbo,27/03/2025,12
Pullets,28/03/2025,2
Small,28/03/2025,35
Medium,28/03/2025,118
Large,28/03/2025,113
X-Large,28/03/2025,53
Jumbo,28/03/2025,12
Small,29/03/2025,31
Medium,29/03/2025,101
Large,29/03/2025,143
X-Large,29/03/2025,63
Jumbo,29/03/2025,8
Pullets,30/03/2025,2
Small,30/03/2025,25
Medium,30/03/2025,102
Large,30/03/2025,134
X-Large,30/03/2025,71
Jumbo,30/03/2025,16
Small,31/03/2025,23
Medium,31/03/2025,95
Large,31/03/2025,140
X-Large,31/03/2025,63
Jumbo,31/03/2025,19
Pullets,01/04/2025,1
Small,01/04/2025,21
Medium,01/04/2025,105
Large,01/04/2025,134
X-Large,01/04/2025,55
Jumbo,01/04/2025,22
Small,02/04/2025,38
Medium,02/04/2025,106
Large,02/04/2025,110
X-Large,02/04/2025,64
Jumbo,02/04/2025,13
Pullets,03/04/2025,1
Small,03/04/2025,33
Medium,03/04/2025,104
Large,03/04/2025,118
X-Large,03/04/2025,74
Jumbo,03/04/2025,28
Pullets,04/04/2025,3
Small,04/04/2025,33
Medium,04/04/2025,106
Large,04/04/2025,142
X-Large,04/04/2025,60
Jumbo,04/04/2025,11
Small,05/04/2025,18
Medium,05/04/2025,87
Large,05/04/2025,153
X-Large,05/04/2025,69
Jumbo,05/04/2025,10
Pullets,06/04/2025,1
Small,06/04/2025,26
Medium,06/04/2025,102
Large,06/04/2025,160
X-Large,06/04/2025,64
Jumbo,06/04/2025,13
Pullets,07/04/2025,1
Small,07/04/2025,18
Medium,07/04/2025,101
Large,07/04/2025,163
X-Large,07/04/2025,71
Jumbo,07/04/2025,13
Pullets,08/04/2025,2
Small,08/04/2025,25
Medium,08/04/2025,111
Large,08/04/2025,149
X-Large,08/04/2025,69
Jumbo,08/04/2025,11
Pullets,09/04/2025,2
Small,09/04/2025,21
Medium,09/04/2025,92
Large,09/04/2025,149
X-Large,09/04/2025,65
Jumbo,09/04/2025,13
Pullets,10/04/2025,1
Small,10/04/2025,14
Medium,10/04/2025,113
Large,10/04/2025,157
X-Large,10/04/2025,63
Jumbo,10/04/2025,15
Small,11/04/2025,23
Medium,11/04/2025,124
Large,11/04/2025,155
X-Large,11/04/2025,64
Jumbo,11/04/2025,8
Small,12/04/2025,17
Medium,12/04/2025,108
Large,12/04/2025,167
X-Large,12/04/2025,68
Jumbo,12/04/2025,11
Pullets,13/04/2025,2
Small,13/04/2025,19
Medium,13/04/2025,94
Large,13/04/2025,131
X-Large,13/04/2025,57
Jumbo,13/04/2025,10
Pullets,14/04/2025,4
Small,14/04/2025,27
Medium,14/04/2025,116
Large,14/04/2025,129
X-Large,14/04/2025,57
Jumbo,14/04/2025,20
Pullets,15/04/2025,2
Small,15/04/2025,24
Medium,15/04/2025,115
Large,15/04/2025,149
X-Large,15/04/2025,52
Jumbo,15/04/2025,15
Small,16/04/2025,27
Medium,16/04/2025,104
Large,16/04/2025,157
X-Large,16/04/2025,58
Jumbo,16/04/2025,20
Pullets,17/04/2025,2
Small,17/04/2025,27
Medium,17/04/2025,109
Large,17/04/2025,126
X-Large,17/04/2025,48
Jumbo,17/04/2025,16
Pullets,18/04/2025,2
Small,18/04/2025,20
Medium,18/04/2025,103
Large,18/04/2025,138
X-Large,18/04/2025,66
Jumbo,18/04/2025,16
Pullets,19/04/2025,3
Small,19/04/2025,26
Medium,19/04/2025,111
Large,19/04/2025,144
X-Large,19/04/2025,72
Jumbo,19/04/2025,16
Small,20/04/2025,16
Medium,20/04/2025,102
Large,20/04/2025,166
X-Large,20/04/2025,65
Jumbo,20/04/2025,16
Pullets,21/04/2025,2
Small,21/04/2025,26
Medium,21/04/2025,119
Large,21/04/2025,155
X-Large,21/04/2025,52
Jumbo,21/04/2025,19
Pullets,22/04/2025,1
Small,22/04/2025,31
Medium,22/04/2025,115
Large,22/04/2025,148
X-Large,22/04/2025,56
Jumbo,22/04/2025,9
Pullets,23/04/2025,4
Small,23/04/2025,26
Medium,23/04/2025,144
Large,23/04/2025,146
X-Large,23/04/2025,51
Jumbo,23/04/2025,12
Pullets,24/04/2025,5
Small,24/04/2025,30
Medium,24/04/2025,117
Large,24/04/2025,152
X-Large,24/04/2025,48
Jumbo,24/04/2025,11
Small,25/04/2025,19
Medium,25/04/2025,120
Large,25/04/2025,144
X-Large,25/04/2025,62
Jumbo,25/04/2025,21
Pullets,26/04/2025,1
Small,26/04/2025,20
Medium,26/04/2025,111
Large,26/04/2025,148
X-Large,26/04/2025,53
Jumbo,26/04/2025,13
Small,27/04/2025,23
Medium,27/04/2025,132
Large,27/04/2025,146
X-Large,27/04/2025,49
Jumbo,27/04/2025,12
Pullets,28/04/2025,2
Small,28/04/2025,30
Medium,28/04/2025,135
Large,28/04/2025,137
X-Large,28/04/2025,48
Jumbo,28/04/2025,8
Pullets,29/04/2025,1
Small,29/04/2025,34
Medium,29/04/2025,129
Large,29/04/2025,128
X-Large,29/04/2025,56
Jumbo,29/04/2025,7
Pullets,30/04/2025,5
Small,30/04/2025,27
Medium,30/04/2025,110
Large,30/04/2025,139
X-Large,30/04/2025,59
Jumbo,30/04/2025,18
Pullets,01/05/2025,4
Small,01/05/2025,31
Medium,01/05/2025,125
Large,01/05/2025,120
X-Large,01/05/2025,59
Jumbo,01/05/2025,10
Pullets,02/05/2025,2
Small,02/05/2025,32
Medium,02/05/2025,118
Large,02/05/2025,126
X-Large,02/05/2025,57
Jumbo,02/05/2025,19
Pullets,03/05/2025,1
Small,03/05/2025,23
Medium,03/05/2025,133
Large,03/05/2025,122
X-Large,03/05/2025,48
Jumbo,03/05/2025,25
Pullets,04/05/2025,2
Small,04/05/2025,29
Medium,04/05/2025,126
Large,04/05/2025,131
X-Large,04/05/2025,60
Jumbo,04/05/2025,10
Small,05/05/2025,33
Medium,05/05/2025,130
Large,05/05/2025,128
X-Large,05/05/2025,53
Jumbo,05/05/2025,14
Small,06/05/2025,28
Medium,06/05/2025,100
Large,06/05/2025,141
X-Large,06/05/2025,62
Jumbo,06/05/2025,22
Small,07/05/2025,27
Medium,07/05/2025,118
Large,07/05/2025,141
X-Large,07/05/2025,61
Jumbo,07/05/2025,14
Pullets,08/05/2025,1
Small,08/05/2025,27
Medium,08/05/2025,119
Large,08/05/2025,148
X-Large,08/05/2025,61
Jumbo,08/05/2025,14
Small,09/05/2025,35
Medium,09/05/2025,126
Large,09/05/2025,139
X-Large,09/05/2025,48
Jumbo,09/05/2025,14
Pullets,10/05/2025,1
Small,10/05/2025,29
Medium,10/05/2025,126
Large,10/05/2025,136
X-Large,10/05/2025,62
Jumbo,10/05/2025,12
Pullets,11/05/2025,2
Small,11/05/2025,36
Medium,11/05/2025,107
Large,11/05/2025,149
X-Large,11/05/2025,64
Jumbo,11/05/2025,14
Pullets,12/05/2025,1
Small,12/05/2025,30
Medium,12/05/2025,114
Large,12/05/2025,141
X-Large,12/05/2025,64
Jumbo,12/05/2025,12
Pullets,13/05/2025,1
Small,13/05/2025,22
Medium,13/05/2025,85
Large,13/05/2025,146
X-Large,13/05/2025,78
Jumbo,13/05/2025,32
Small,14/05/2025,13
Medium,14/05/2025,85
Large,14/05/2025,140
X-Large,14/05/2025,89
Jumbo,14/05/2025,25
Small,15/05/2025,11
Medium,15/05/2025,77
Large,15/05/2025,150
X-Large,15/05/2025,86
Jumbo,15/05/2025,25
Small,16/05/2025,24
Medium,16/05/2025,94
Large,16/05/2025,138
X-Large,16/05/2025,92
Jumbo,16/05/2025,14
Pullets,17/05/2025,1
Small,17/05/2025,23
Medium,17/05/2025,120
Large,17/05/2025,130
X-Large,17/05/2025,73
Jumbo,17/05/2025,20
Pullets,18/05/2025,2
Small,18/05/2025,31
Medium,18/05/2025,120
Large,18/05/2025,135
X-Large,18/05/2025,50
Jumbo,18/05/2025,19
Small,19/05/2025,39
Medium,19/05/2025,113
Large,19/05/2025,145
X-Large,19/05/2025,51
Jumbo,19/05/2025,12
Small,20/05/2025,28
Medium,20/05/2025,126
Large,20/05/2025,135
X-Large,20/05/2025,62
Jumbo,20/05/2025,7
Pullets,21/05/2025,2
Small,21/05/2025,11
Medium,21/05/2025,88
Large,21/05/2025,157
X-Large,21/05/2025,84
Jumbo,21/05/2025,22
Pullets,22/05/2025,2
Small,22/05/2025,17
Medium,22/05/2025,101
Large,22/05/2025,145
X-Large,22/05/2025,65
Jumbo,22/05/2025,24
Pullets,23/05/2025,2
Small,23/05/2025,20
Medium,23/05/2025,86
Large,23/05/2025,135
X-Large,23/05/2025,90
Jumbo,23/05/2025,19
Pullets,24/05/2025,1
Small,24/05/2025,28
Medium,24/05/2025,111
Large,24/05/2025,140
X-Large,24/05/2025,73
Jumbo,24/05/2025,16
Pullets,25/05/2025,1
Small,25/05/2025,20
Medium,25/05/2025,91
Large,25/05/2025,162
X-Large,25/05/2025,58
Jumbo,25/05/2025,29
Pullets,26/05/2025,3
Small,26/05/2025,33
Medium,26/05/2025,141
Large,26/05/2025,119
X-Large,26/05/2025,72
Jumbo,26/05/2025,8
Pullets,27/05/2025,1
Small,27/05/2025,26
Medium,27/05/2025,109
Large,27/05/2025,145
X-Large,27/05/2025,61
Jumbo,27/05/2025,13
Pullets,28/05/2025,1
Small,28/05/2025,19
Medium,28/05/2025,99
Large,28/05/2025,142
X-Large,28/05/2025,76
Jumbo,28/05/2025,21
Pullets,29/05/2025,1
Small,29/05/2025,17
Medium,29/05/2025,100
Large,29/05/2025,156
X-Large,29/05/2025,70
Jumbo,29/05/2025,15
Small,30/05/2025,16
Medium,30/05/2025,94
Large,30/05/2025,141
X-Large,30/05/2025,32
Jumbo,30/05/2025,7
Pullets,31/05/2025,3
Small,31/05/2025,25
Medium,31/05/2025,90
Large,31/05/2025,141
X-Large,31/05/2025,73
Jumbo,31/05/2025,18
Pullets,01/06/2025,2
Small,01/06/2025,21
Medium,01/06/2025,96
Large,01/06/2025,143
X-Large,01/06/2025,78
Jumbo,01/06/2025,18
Small,02/06/2025,13
Medium,02/06/2025,87
Large,02/06/2025,130
X-Large,02/06/2025,91
Jumbo,02/06/2025,30
Small,03/06/2025,25
Medium,03/06/2025,100
Large,03/06/2025,146
X-Large,03/06/2025,74
Jumbo,03/06/2025,20
Small,04/06/2025,18
Medium,04/06/2025,107
Large,04/06/2025,140
X-Large,04/06/2025,71
Jumbo,04/06/2025,18
Small,05/06/2025,19
Medium,05/06/2025,87
Large,05/06/2025,143
X-Large,05/06/2025,84
Jumbo,05/06/2025,17
Small,06/06/2025,26
Medium,06/06/2025,94
Large,06/06/2025,141
X-Large,06/06/2025,81
Jumbo,06/06/2025,22
Small,07/06/2025,16
Medium,07/06/2025,114
Large,07/06/2025,151
X-Large,07/06/2025,65
Jumbo,07/06/2025,20
Small,08/06/2025,25
Medium,08/06/2025,113
Large,08/06/2025,129
X-Large,08/06/2025,71
Jumbo,08/06/2025,15
Pullets,09/06/2025,3
Small,09/06/2025,32
Medium,09/06/2025,106
Large,09/06/2025,142
X-Large,09/06/2025,60
Jumbo,09/06/2025,13
Pullets,10/06/2025,1
Small,10/06/2025,14
Medium,10/06/2025,92
Large,10/06/2025,145
X-Large,10/06/2025,77
Jumbo,10/06/2025,21
Pullets,11/06/2025,1
Small,11/06/2025,22
Medium,11/06/2025,117
Large,11/06/2025,124
X-Large,11/06/2025,69
Jumbo,11/06/2025,20
Small,12/06/2025,25
Medium,12/06/2025,118
Large,12/06/2025,125
X-Large,12/06/2025,55
Jumbo,12/06/2025,15
Small,13/06/2025,28
Medium,13/06/2025,116
Large,13/06/2025,127
X-Large,13/06/2025,31
Jumbo,13/06/2025,15
Pullets,14/06/2025,1
Small,14/06/2025,33
Medium,14/06/2025,102
Large,14/06/2025,156
X-Large,14/06/2025,57
Jumbo,14/06/2025,17
Small,15/06/2025,16
Medium,15/06/2025,86
Large,15/06/2025,146
X-Large,15/06/2025,76
Jumbo,15/06/2025,26
Small,16/06/2025,36
Medium,16/06/2025,119
Large,16/06/2025,147
X-Large,16/06/2025,33
Jumbo,16/06/2025,13
Small,17/06/2025,31
Medium,17/06/2025,108
Large,17/06/2025,140
X-Large,17/06/2025,57
Jumbo,17/06/2025,14
Small,18/06/2025,27
Medium,18/06/2025,106
Large,18/06/2025,144
X-Large,18/06/2025,58
Jumbo,18/06/2025,20
Small,19/06/2025,34
Medium,19/06/2025,115
Large,19/06/2025,137
X-Large,19/06/2025,35
Jumbo,19/06/2025,15
Small,20/06/2025,23
Medium,20/06/2025,95
Large,20/06/2025,141
X-Large,20/06/2025,65
Jumbo,20/06/2025,17
Pullets,21/06/2025,1
Small,21/06/2025,28
Medium,21/06/2025,117
Large,21/06/2025,146
X-Large,21/06/2025,86
Jumbo,21/06/2025,9
Small,22/06/2025,27
Medium,22/06/2025,115
Large,22/06/2025,131
X-Large,22/06/2025,56
Jumbo,22/06/2025,16
Small,23/06/2025,30
Medium,23/06/2025,111
Large,23/06/2025,134
X-Large,23/06/2025,52
Jumbo,23/06/2025,10
Pullets,24/06/2025,1
Small,24/06/2025,10
Medium,24/06/2025,104
Large,24/06/2025,144
X-Large,24/06/2025,60
Jumbo,24/06/2025,23
Small,25/06/2025,17
Medium,25/06/2025,67
Large,25/06/2025,131
X-Large,25/06/2025,88
Jumbo,25/06/2025,36
Small,26/06/2025,10
Medium,26/06/2025,66
Large,26/06/2025,129
X-Large,26/06/2025,98
Jumbo,26/06/2025,40
Small,27/06/2025,15
Medium,27/06/2025,65
Large,27/06/2025,149
X-Large,27/06/2025,68
Jumbo,27/06/2025,28
Pullets,28/06/2025,1
Small,28/06/2025,17
Medium,28/06/2025,79
Large,28/06/2025,139
X-Large,28/06/2025,84
Jumbo,28/06/2025,21
Small,29/06/2025,12
Medium,29/06/2025,97
Large,29/06/2025,159
X-Large,29/06/2025,45
Jumbo,29/06/2025,19
Small,30/06/2025,31
Medium,30/06/2025,93
Large,30/06/2025,146
X-Large,30/06/2025,50
Jumbo,30/06/2025,21
Small,01/07/2025,28
Medium,01/07/2025,91
Large,01/07/2025,141
X-Large,01/07/2025,66
Jumbo,01/07/2025,12
Pullets,02/07/2025,1
Small,02/07/2025,33
Medium,02/07/2025,107
Large,02/07/2025,136
X-Large,02/07/2025,44
Jumbo,02/07/2025,9
Small,03/07/2025,18
Medium,03/07/2025,100
Large,03/07/2025,132
X-Large,03/07/2025,79
Jumbo,03/07/2025,20
Pullets,04/07/2025,2
Small,04/07/2025,18
Medium,04/07/2025,101
Large,04/07/2025,139
X-Large,04/07/2025,25
Jumbo,04/07/2025,15
Pullets,05/07/2025,1
Small,05/07/2025,19
Medium,05/07/2025,92
Large,05/07/2025,128
X-Large,05/07/2025,78
Jumbo,05/07/2025,23
Small,06/07/2025,29
Medium,06/07/2025,84
Large,06/07/2025,148
X-Large,06/07/2025,56
Jumbo,06/07/2025,18
Small,09/07/2025,44
Medium,09/07/2025,110
Large,09/07/2025,136
X-Large,09/07/2025,76
Jumbo,09/07/2025,23
Small,10/07/2025,15
Medium,10/07/2025,102
Large,10/07/2025,105
X-Large,10/07/2025,68
Jumbo,10/07/2025,39
Pullets,11/07/2025,1
Small,11/07/2025,33
Medium,11/07/2025,106
Large,11/07/2025,105
X-Large,11/07/2025,62
Jumbo,11/07/2025,24
Pullets,12/07/2025,2
Small,12/07/2025,16
Medium,12/07/2025,80
Large,12/07/2025,148
X-Large,12/07/2025,74
Jumbo,12/07/2025,10
Small,13/07/2025,16
Medium,13/07/2025,106
Large,13/07/2025,122
X-Large,13/07/2025,67
Jumbo,13/07/2025,22
Small,14/07/2025,27
Medium,14/07/2025,97
Large,14/07/2025,106
X-Large,14/07/2025,73
Jumbo,14/07/2025,24
Small,15/07/2025,24
Medium,15/07/2025,112
Large,15/07/2025,112
X-Large,15/07/2025,70
Jumbo,15/07/2025,13
Small,16/07/2025,33
Medium,16/07/2025,95
Large,16/07/2025,128
X-Large,16/07/2025,79
Jumbo,16/07/2025,21
Small,17/07/2025,32
Medium,17/07/2025,112
Large,17/07/2025,118
X-Large,17/07/2025,57
Jumbo,17/07/2025,11
Pullets,18/07/2025,2
Small,18/07/2025,22
Medium,18/07/2025,104
Large,18/07/2025,129
X-Large,18/07/2025,55
Jumbo,18/07/2025,16
Small,19/07/2025,22
Medium,19/07/2025,111
Large,19/07/2025,110
X-Large,19/07/2025,63
Jumbo,19/07/2025,9
Pullets,20/07/2025,1
Small,20/07/2025,45
Medium,20/07/2025,122
Large,20/07/2025,92
X-Large,20/07/2025,44
Jumbo,20/07/2025,19
Pullets,21/07/2025,2
Small,21/07/2025,17
Medium,21/07/2025,107
Large,21/07/2025,122
X-Large,21/07/2025,69
Jumbo,21/07/2025,12
Small,22/07/2025,32
Medium,22/07/2025,110
Large,22/07/2025,128
X-Large,22/07/2025,49
Jumbo,22/07/2025,10
Small,23/07/2025,29
Medium,23/07/2025,99
Large,23/07/2025,127
X-Large,23/07/2025,55
Jumbo,23/07/2025,22
Pullets,24/07/2025,1
Small,24/07/2025,31
Medium,24/07/2025,115
Large,24/07/2025,135
X-Large,24/07/2025,50
Jumbo,24/07/2025,10
Small,25/07/2025,25
Medium,25/07/2025,116
Large,25/07/2025,128
X-Large,25/07/2025,57
Jumbo,25/07/2025,17
Small,26/07/2025,32
Medium,26/07/2025,100
Large,26/07/2025,127
X-Large,26/07/2025,56
Jumbo,26/07/2025,12
Small,27/07/2025,28
Medium,27/07/2025,90
Large,27/07/2025,123
X-Large,27/07/2025,66
Jumbo,27/07/2025,14
Small,28/07/2025,31
Medium,28/07/2025,126
Large,28/07/2025,147
X-Large,28/07/2025,74
Jumbo,28/07/2025,22
Small,29/07/2025,34
Medium,29/07/2025,97
Large,29/07/2025,129
X-Large,29/07/2025,48
Jumbo,29/07/2025,21
Pullets,30/07/2025,1
Small,30/07/2025,32
Medium,30/07/2025,92
Large,30/07/2025,131
X-Large,30/07/2025,54
Jumbo,30/07/2025,17
Small,31/07/2025,12
Medium,31/07/2025,73
Large,31/07/2025,120
X-Large,31/07/2025,92
Jumbo,31/07/2025,33
Pullets,01/08/2025,1
Small,01/08/2025,21
Medium,01/08/2025,92
Large,01/08/2025,127
X-Large,01/08/2025,61
Jumbo,01/08/2025,19
Pullets,02/08/2025,1
Small,02/08/2025,14
Medium,02/08/2025,91
Large,02/08/2025,134
X-Large,02/08/2025,63
Jumbo,02/08/2025,21
Small,03/08/2025,16
Medium,03/08/2025,73
Large,03/08/2025,117
X-Large,03/08/2025,80
Jumbo,03/08/2025,43
Small,04/08/2025,11
Medium,04/08/2025,45
Large,04/08/2025,109
X-Large,04/08/2025,110
Jumbo,04/08/2025,52
Small,05/08/2025,29
Medium,05/08/2025,99
Large,05/08/2025,113
X-Large,05/08/2025,52
Jumbo,05/08/2025,25
Small,06/08/2025,42
Medium,06/08/2025,105
Large,06/08/2025,128
X-Large,06/08/2025,43
Jumbo,06/08/2025,19
Small,07/08/2025,65
Medium,07/08/2025,192
Large,07/08/2025,179
X-Large,07/08/2025,54
Jumbo,07/08/2025,14
Pullets,08/08/2025,1
Small,08/08/2025,44
Medium,08/08/2025,106
Large,08/08/2025,112
X-Large,08/08/2025,47
Jumbo,08/08/2025,13
Small,09/08/2025,36
Medium,09/08/2025,130
Large,09/08/2025,100
X-Large,09/08/2025,47
Jumbo,09/08/2025,10
Small,10/08/2025,51
Medium,10/08/2025,117
Large,10/08/2025,95
X-Large,10/08/2025,47
Jumbo,10/08/2025,12
Small,11/08/2025,35
Medium,11/08/2025,93
Large,11/08/2025,108
X-Large,11/08/2025,59
Jumbo,11/08/2025,14
Pullets,12/08/2025,1
Small,12/08/2025,38
Medium,12/08/2025,111
Large,12/08/2025,99
X-Large,12/08/2025,63
Jumbo,12/08/2025,8
Pullets,13/08/2025,3
Small,13/08/2025,48
Medium,13/08/2025,103
Large,13/08/2025,99
X-Large,13/08/2025,45
Jumbo,13/08/2025,12
Small,14/08/2025,38
Medium,14/08/2025,101
Large,14/08/2025,111
X-Large,14/08/2025,50
Jumbo,14/08/2025,10
Pullets,15/08/2025,1
Small,15/08/2025,31
Medium,15/08/2025,118
Large,15/08/2025,99
X-Large,15/08/2025,45
Jumbo,15/08/2025,14
Pullets,16/08/2025,1
Small,16/08/2025,47
Medium,16/08/2025,98
Large,16/08/2025,117
X-Large,16/08/2025,34
Jumbo,16/08/2025,12
Pullets,17/08/2025,1
Small,17/08/2025,36
Medium,17/08/2025,108
Large,17/08/2025,104
X-Large,17/08/2025,38
Jumbo,17/08/2025,11
Small,18/08/2025,35
Medium,18/08/2025,97
Large,18/08/2025,101
X-Large,18/08/2025,43
Jumbo,18/08/2025,14
Small,19/08/2025,39
Medium,19/08/2025,95
Large,19/08/2025,110
X-Large,19/08/2025,38
Jumbo,19/08/2025,19
Small,20/08/2025,31
Medium,20/08/2025,114
Large,20/08/2025,105
X-Large,20/08/2025,39
Jumbo,20/08/2025,4
Small,21/08/2025,30
Medium,21/08/2025,101
Large,21/08/2025,113
X-Large,21/08/2025,37
Jumbo,21/08/2025,13
Small,22/08/2025,32
Medium,22/08/2025,95
Large,22/08/2025,118
X-Large,22/08/2025,50
Jumbo,22/08/2025,17
Pullets,23/08/2025,1
Small,23/08/2025,30
Medium,23/08/2025,86
Large,23/08/2025,115
X-Large,23/08/2025,46
Jumbo,23/08/2025,21
Small,24/08/2025,32
Medium,24/08/2025,87
Large,24/08/2025,124
X-Large,24/08/2025,43
Jumbo,24/08/2025,17
Pullets,25/08/2025,5
Small,25/08/2025,28
Medium,25/08/2025,107
Large,25/08/2025,104
X-Large,25/08/2025,39
Jumbo,25/08/2025,11
Small,26/08/2025,24
Medium,26/08/2025,99
Large,26/08/2025,109
X-Large,26/08/2025,44
Jumbo,26/08/2025,8
Pullets,27/08/2025,3
Small,27/08/2025,24
Medium,27/08/2025,110
Large,27/08/2025,89
X-Large,27/08/2025,42
Jumbo,27/08/2025,10
Pullets,28/08/2025,3
Small,28/08/2025,35
Medium,28/08/2025,87
Large,28/08/2025,97
X-Large,28/08/2025,56
Jumbo,28/08/2025,13
Pullets,29/08/2025,1
Small,29/08/2025,25
Medium,29/08/2025,107
Large,29/08/2025,108
X-Large,29/08/2025,40
Jumbo,29/08/2025,19
Pullets,30/08/2025,3
Small,30/08/2025,38
Medium,30/08/2025,109
Large,30/08/2025,92
X-Large,30/08/2025,44
Jumbo,30/08/2025,15
Pullets,31/08/2025,1
Small,31/08/2025,33
Medium,31/08/2025,87
Large,31/08/2025,98
X-Large,31/08/2025,48
Jumbo,31/08/2025,17
Pullets,01/09/2025,2
Small,01/09/2025,17
Medium,01/09/2025,93
Large,01/09/2025,101
X-Large,01/09/2025,60
Jumbo,01/09/2025,27
Small,02/09/2025,17
Medium,02/09/2025,80
Large,02/09/2025,114
X-Large,02/09/2025,52
Jumbo,02/09/2025,40
Pullets,03/09/2025,2
Small,03/09/2025,32
Medium,03/09/2025,110
Large,03/09/2025,104
X-Large,03/09/2025,40
Jumbo,03/09/2025,90
Small,04/09/2025,30
Medium,04/09/2025,88
Large,04/09/2025,101
X-Large,04/09/2025,62
Jumbo,04/09/2025,12
Pullets,05/09/2025,2
Small,05/09/2025,28
Medium,05/09/2025,92
Large,05/09/2025,99
X-Large,05/09/2025,46
Jumbo,05/09/2025,20
Pullets,06/09/2025,2
Small,06/09/2025,31
Medium,06/09/2025,87
Large,06/09/2025,101
X-Large,06/09/2025,46
Jumbo,06/09/2025,21
Pullets,07/09/2025,3
Small,07/09/2025,37
Medium,07/09/2025,91
Large,07/09/2025,109
X-Large,07/09/2025,48
Jumbo,07/09/2025,15
Small,08/09/2025,44
Medium,08/09/2025,104
Large,08/09/2025,90
X-Large,08/09/2025,40
Jumbo,08/09/2025,9
Small,09/09/2025,40
Medium,09/09/2025,104
Large,09/09/2025,88
X-Large,09/09/2025,40
Jumbo,09/09/2025,11
Pullets,10/09/2025,2
Small,10/09/2025,36
Medium,10/09/2025,94
Large,10/09/2025,116
X-Large,10/09/2025,41
Jumbo,10/09/2025,12
Small,11/09/2025,31
Medium,11/09/2025,97
Large,11/09/2025,105
X-Large,11/09/2025,44
Jumbo,11/09/2025,17
Small,12/09/2025,28
Medium,12/09/2025,114
Large,12/09/2025,106
X-Large,12/09/2025,54
Jumbo,12/09/2025,15
Small,13/09/2025,28
Medium,13/09/2025,87
Large,13/09/2025,101
X-Large,13/09/2025,50
Jumbo,13/09/2025,15
Small,14/09/2025,38
Medium,14/09/2025,75
Large,14/09/2025,104
X-Large,14/09/2025,49
Jumbo,14/09/2025,14
Pullets,15/09/2025,1
Small,15/09/2025,29
Medium,15/09/2025,86
Large,15/09/2025,94
X-Large,15/09/2025,50
Jumbo,15/09/2025,14
Small,16/09/2025,14
Medium,16/09/2025,93
Large,16/09/2025,130
X-Large,16/09/2025,74
Jumbo,16/09/2025,11
Small,17/09/2025,44
Medium,17/09/2025,73
Large,17/09/2025,109
X-Large,17/09/2025,42
Jumbo,17/09/2025,13
Pullets,18/09/2025,2
Small,18/09/2025,39
Medium,18/09/2025,88
Large,18/09/2025,105
X-Large,18/09/2025,39
Jumbo,18/09/2025,9
Pullets,19/09/2025,1
Small,19/09/2025,35
Medium,19/09/2025,89
Large,19/09/2025,110
X-Large,19/09/2025,42
Jumbo,19/09/2025,9
Small,20/09/2025,33
Medium,20/09/2025,85
Large,20/09/2025,97
X-Large,20/09/2025,40
Jumbo,20/09/2025,8
Small,21/09/2025,29
Medium,21/09/2025,66
Large,21/09/2025,93
X-Large,21/09/2025,56
Jumbo,21/09/2025,14
Small,22/09/2025,24
Medium,22/09/2025,74
Large,22/09/2025,100
X-Large,22/09/2025,61
Jumbo,22/09/2025,8
Pullets,23/09/2025,1
Small,23/09/2025,19
Medium,23/09/2025,71
Large,23/09/2025,92
X-Large,23/09/2025,52
Jumbo,23/09/2025,4
Pullets,24/09/2025,1
Small,24/09/2025,20
Medium,24/09/2025,68
Large,24/09/2025,93
X-Large,24/09/2025,54
Jumbo,24/09/2025,16
Small,25/09/2025,17
Medium,25/09/2025,70
Large,25/09/2025,90
X-Large,25/09/2025,57
Jumbo,25/09/2025,23
Pullets,26/09/2025,3
Small,26/09/2025,31
Medium,26/09/2025,84
Large,26/09/2025,71
X-Large,26/09/2025,37
Jumbo,26/09/2025,9
Pullets,27/09/2025,3
Small,27/09/2025,25
Medium,27/09/2025,86
Large,27/09/2025,91
X-Large,27/09/2025,33
Jumbo,27/09/2025,11
Pullets,28/09/2025,1
Small,28/09/2025,26
Medium,28/09/2025,76
Large,28/09/2025,79
X-Large,28/09/2025,34
Jumbo,28/09/2025,15
Pullets,29/09/2025,3
Small,29/09/2025,31
Medium,29/09/2025,77
Large,29/09/2025,80
X-Large,29/09/2025,37
Jumbo,29/09/2025,11
Pullets,30/09/2025,1
Small,30/09/2025,36
Medium,30/09/2025,84
Large,30/09/2025,95
X-Large,30/09/2025,33
Jumbo,30/09/2025,7
Pullets,01/10/2025,1
Small,01/10/2025,45
Medium,01/10/2025,74
Large,01/10/2025,96
X-Large,01/10/2025,22
Jumbo,01/10/2025,9
Small,02/10/2025,26
Medium,02/10/2025,75
Large,02/10/2025,89
X-Large,02/10/2025,41
Jumbo,02/10/2025,13
Pullets,03/10/2025,2
Small,03/10/2025,29
Medium,03/10/2025,91
Large,03/10/2025,95
X-Large,03/10/2025,39
Jumbo,03/10/2025,13
Pullets,04/10/2025,1
Small,04/10/2025,29
Medium,04/10/2025,85
Large,04/10/2025,88
X-Large,04/10/2025,41
Jumbo,04/10/2025,13
Pullets,05/10/2025,3
Small,05/10/2025,28
Medium,05/10/2025,76
Large,05/10/2025,93
X-Large,05/10/2025,43
Jumbo,05/10/2025,11
Pullets,06/10/2025,4
Small,06/10/2025,24
Medium,06/10/2025,94
Large,06/10/2025,80
X-Large,06/10/2025,32
Jumbo,06/10/2025,10
Small,07/10/2025,30
Medium,07/10/2025,87
Large,07/10/2025,85
X-Large,07/10/2025,33
Jumbo,07/10/2025,14
Pullets,08/10/2025,3
Small,08/10/2025,33
Medium,08/10/2025,74
Large,08/10/2025,74
X-Large,08/10/2025,36
Jumbo,08/10/2025,13
Pullets,09/10/2025,2
Small,09/10/2025,25
Medium,09/10/2025,84
Large,09/10/2025,76
X-Large,09/10/2025,30
Jumbo,09/10/2025,14
Pullets,10/10/2025,3
Small,10/10/2025,24
Medium,10/10/2025,81
Large,10/10/2025,74
X-Large,10/10/2025,32
Jumbo,10/10/2025,10
Pullets,11/10/2025,5
Small,11/10/2025,13
Medium,11/10/2025,92
Large,11/10/2025,86
X-Large,11/10/2025,23
Jumbo,11/10/2025,10
Pullets,12/10/2025,1
Small,12/10/2025,30
Medium,12/10/2025,77
Large,12/10/2025,74
X-Large,12/10/2025,29
Jumbo,12/10/2025,9
Pullets,13/10/2025,2
Small,13/10/2025,29
Medium,13/10/2025,78
Large,13/10/2025,74
X-Large,13/10/2025,23
Jumbo,13/10/2025,10
Pullets,14/10/2025,2
Small,14/10/2025,32
Medium,14/10/2025,76
Large,14/10/2025,69
X-Large,14/10/2025,27
Jumbo,14/10/2025,7
Pullets,15/10/2025,2
Small,15/10/2025,19
Medium,15/10/2025,76
Large,15/10/2025,69
X-Large,15/10/2025,45
Jumbo,15/10/2025,12
Pullets,16/10/2025,2
Small,16/10/2025,18
Medium,16/10/2025,75
Large,16/10/2025,80
X-Large,16/10/2025,37
Jumbo,16/10/2025,15
Pullets,17/10/2025,2
Small,17/10/2025,21
Medium,17/10/2025,80
Large,17/10/2025,76
X-Large,17/10/2025,29
Jumbo,17/10/2025,11
Pullets,18/10/2025,1
Small,18/10/2025,22
Medium,18/10/2025,68
Large,18/10/2025,81
X-Large,18/10/2025,31
Jumbo,18/10/2025,17
Pullets,19/10/2025,1
Small,19/10/2025,23
Medium,19/10/2025,79
Large,19/10/2025,77
X-Large,19/10/2025,42
Jumbo,19/10/2025,7
Pullets,20/10/2025,1
Small,20/10/2025,21
Medium,20/10/2025,84
Large,20/10/2025,59
X-Large,20/10/2025,33
Jumbo,20/10/2025,11
Pullets,21/10/2025,1
Small,21/10/2025,22
Medium,21/10/2025,77
Large,21/10/2025,63
X-Large,21/10/2025,43
Jumbo,21/10/2025,9
Pullets,22/10/2025,3
Small,22/10/2025,18
Medium,22/10/2025,61
Large,22/10/2025,71
X-Large,22/10/2025,40
Jumbo,22/10/2025,14
Pullets,23/10/2025,2
Small,23/10/2025,11
Medium,23/10/2025,61
Large,23/10/2025,82
X-Large,23/10/2025,41
Jumbo,23/10/2025,18
Pullets,24/10/2025,2
Small,24/10/2025,18
Medium,24/10/2025,54
Large,24/10/2025,69
X-Large,24/10/2025,44
Jumbo,24/10/2025,16
Pullets,25/10/2025,2
Small,25/10/2025,12
Medium,25/10/2025,66
Large,25/10/2025,69
X-Large,25/10/2025,46
Jumbo,25/10/2025,15
Small,26/10/2025,21
Medium,26/10/2025,64
Large,26/10/2025,75
X-Large,26/10/2025,32
Jumbo,26/10/2025,13
Small,27/10/2025,6
Medium,27/10/2025,69
Large,27/10/2025,66
X-Large,27/10/2025,49
Jumbo,27/10/2025,12
Pullets,28/10/2025,2
Small,28/10/2025,10
Medium,28/10/2025,66
Large,28/10/2025,59
X-Large,28/10/2025,45
Jumbo,28/10/2025,20
Pullets,29/10/2025,1
Small,29/10/2025,22
Medium,29/10/2025,55
Large,29/10/2025,68
X-Large,29/10/2025,36
Jumbo,29/10/2025,13
Small,30/10/2025,17
Medium,30/10/2025,50
Large,30/10/2025,69
X-Large,30/10/2025,25
Jumbo,30/10/2025,12
Small,31/10/2025,18
Medium,31/10/2025,46
Large,31/10/2025,57
X-Large,31/10/2025,28
Jumbo,31/10/2025,7
Small,01/11/2025,17
Medium,01/11/2025,45
Large,01/11/2025,59
X-Large,01/11/2025,27
Jumbo,01/11/2025,9
Small,02/11/2025,16
Medium,02/11/2025,46
Large,02/11/2025,57
X-Large,02/11/2025,36
Jumbo,02/11/2025,6
Small,03/11/2025,21
Medium,03/11/2025,37
Large,03/11/2025,47
X-Large,03/11/2025,26
Jumbo,03/11/2025,11
Pullets,04/11/2025,1
Small,04/11/2025,11
Medium,04/11/2025,37
Large,04/11/2025,56
X-Large,04/11/2025,30
Jumbo,04/11/2025,8
Pullets,05/11/2025,2
Small,05/11/2025,10
Medium,05/11/2025,37
Large,05/11/2025,43
X-Large,05/11/2025,27
Jumbo,05/11/2025,12
Pullets,06/11/2025,1
Small,06/11/2025,11
Medium,06/11/2025,47
Large,06/11/2025,37
X-Large,06/11/2025,21
Jumbo,06/11/2025,6
Pullets,07/11/2025,1
Small,07/11/2025,11
Medium,07/11/2025,45
Large,07/11/2025,43
X-Large,07/11/2025,19
Jumbo,07/11/2025,5
Pullets,08/11/2025,1
Small,08/11/2025,16
Medium,08/11/2025,44
Large,08/11/2025,33
X-Large,08/11/2025,22
Jumbo,08/11/2025,5
Pullets,09/11/2025,1
Small,09/11/2025,13
Medium,09/11/2025,47
Large,09/11/2025,40
X-Large,09/11/2025,15
Jumbo,09/11/2025,1
Pullets,10/11/2025,1
Small,10/11/2025,18
Medium,10/11/2025,35
Large,10/11/2025,30
X-Large,10/11/2025,15
Jumbo,10/11/2025,5
Pullets,11/11/2025,1
Small,11/11/2025,13
Medium,11/11/2025,33
Large,11/11/2025,33
X-Large,11/11/2025,10
Jumbo,11/11/2025,4
Pullets,12/11/2025,2
Small,12/11/2025,17
Medium,12/11/2025,34
Large,12/11/2025,34
X-Large,12/11/2025,19
Pullets,13/11/2025,4
Small,13/11/2025,11
Medium,13/11/2025,36
Large,13/11/2025,33
X-Large,13/11/2025,9
Jumbo,13/11/2025,3
Pullets,14/11/2025,2
Small,14/11/2025,16
Medium,14/11/2025,26
Large,14/11/2025,34
X-Large,14/11/2025,12
Jumbo,14/11/2025,4
Pullets,16/11/2025,2
Small,16/11/2025,11
Medium,16/11/2025,28
Large,16/11/2025,28
X-Large,16/11/2025,16
Jumbo,16/11/2025,3
Small,20/11/2025,7
Medium,20/11/2025,23
Large,20/11/2025,18
X-Large,20/11/2025,6
Jumbo,20/11/2025,3
Small,25/11/2025,100
Medium,27/11/2025,50
Medium,29/11/2025,10
Medium,02/12/2025,5
X-Large,11/12/2025,5
Jumbo,11/12/2025,1
Jumbo,11/12/2025,2
Large,11/12/2025,1
